;crop_variety;reference;experiment_type_original;experiment_numbers;yield;year;crop_type;salinitylevel_list;yieldreduction_list;max_yieldreduction
0;ISA;Van Hoorn et al. (1993);tank;6.0;Grain yield [kg/m²];1990;Wheat;[0.8, 1.0, 2.9, 3.3, 6.0, 6.3, nan, nan, nan, nan, nan, nan];[100.0, 88.3333333333333, 91.1111111111111, 86.1111111111111, 89.4444444444444, 84.4444444444444, nan, nan, nan, nan, nan, nan];
1;Sunvale;Grewal (2010);pot;5.0;Shoot dry weight [g/(3plants)];2009;Wheat;[3.5, 4.5, 5.5, 6.5, 7.5, nan, nan, nan, nan, nan, nan, nan];[100.0, 85.7142857142857, 71.4285714285714, 64.2857142857143, 50.0, nan, nan, nan, nan, nan, nan, nan];
2;Axona;Sadat Noori et al. (2010);greenhouse;4.0;1000-grain weight [g];2010;Wheat;[0.0, 13.696875, 18.2625, 22.828125, nan, nan, nan, nan, nan, nan, nan, nan];[100.0, 34.6151682232474, 0.0, 0.0, nan, nan, nan, nan, nan, nan, nan, nan];
3;Cajerna;Sadat Noori et al. (2010);greenhouse;4.0;1000-grain weight [g];2010;Wheat;[0.0, 13.696875, 18.2625, 22.828125, nan, nan, nan, nan, nan, nan, nan, nan];[100.0, 19.8853083965984, 2.40135544622202, 0.0, nan, nan, nan, nan, nan, nan, nan, nan];
4;Ho2;Sadat Noori et al. (2010);greenhouse;4.0;1000-grain weight [g];2010;Wheat;[0.0, 13.696875, 18.2625, 22.828125, nan, nan, nan, nan, nan, nan, nan, nan];[100.0, 30.5921975863037, 33.26472697789, 0.0, nan, nan, nan, nan, nan, nan, nan, nan];
5;Lermaroja;Sadat Noori et al. (2010);greenhouse;4.0;1000-grain weight [g];2010;Wheat;[0.0, 13.696875, 18.2625, 22.828125, nan, nan, nan, nan, nan, nan, nan, nan];[100.0, 7.61295180722892, 0.0, 0.0, nan, nan, nan, nan, nan, nan, nan, nan];
6;Sette Cerros;Sadat Noori et al. (2010);greenhouse;4.0;1000-grain weight [g];2010;Wheat;[0.0, 13.696875, 18.2625, 22.828125, nan, nan, nan, nan, nan, nan, nan, nan];[100.0, 19.4605912869554, 17.7229826864179, 0.0, nan, nan, nan, nan, nan, nan, nan, nan];
7;Cajema x Sette Cerros;Sadat Noori et al. (2010);greenhouse;4.0;1000-grain weight [g];2010;Wheat;[0.0, 13.696875, 18.2625, 22.828125, nan, nan, nan, nan, nan, nan, nan, nan];[100.0, 22.9304539649367, 29.0839428770463, 0.0, nan, nan, nan, nan, nan, nan, nan, nan];
8;Cajema x Ho2;Sadat Noori et al. (2010);greenhouse;4.0;1000-grain weight [g];2010;Wheat;[0.0, 13.696875, 18.2625, 22.828125, nan, nan, nan, nan, nan, nan, nan, nan];[100.0, 26.3635822317494, 31.5588900797904, 5.55853280933667, nan, nan, nan, nan, nan, nan, nan, nan];
9;Cajema x Lermaroja;Sadat Noori et al. (2010);greenhouse;4.0;1000-grain weight [g];2010;Wheat;[0.0, 13.696875, 18.2625, 22.828125, nan, nan, nan, nan, nan, nan, nan, nan];[100.0, 18.3259039128281, 14.8765301068421, 0.0, nan, nan, nan, nan, nan, nan, nan, nan];
10;Bahawalpur;Rashid et al. (1999);greenhouse;3.0;Fresh weight [g/plant];1998;Wheat;[0.0, 9.13125, 18.2625, nan, nan, nan, nan, nan, nan, nan, nan, nan];[100.0, 58.0016934801016, 25.3175275190517, nan, nan, nan, nan, nan, nan, nan, nan, nan];
11;Blue Silver ;Rashid et al. (1999);greenhouse;3.0;Fresh weight [g/plant];1998;Wheat;[0.0, 9.13125, 18.2625, nan, nan, nan, nan, nan, nan, nan, nan, nan];[100.0, 57.566765578635, 32.7893175074184, nan, nan, nan, nan, nan, nan, nan, nan, nan];
12;Indus 79;Rashid et al. (1999);greenhouse;3.0;Fresh weight [g/plant];1998;Wheat;[0.0, 9.13125, 18.2625, nan, nan, nan, nan, nan, nan, nan, nan, nan];[100.0, 43.4432234432234, 19.2673992673993, nan, nan, nan, nan, nan, nan, nan, nan, nan];
13;LU26S;Rashid et al. (1999);greenhouse;3.0;Fresh weight [g/plant];1998;Wheat;[0.0, 9.13125, 18.2625, nan, nan, nan, nan, nan, nan, nan, nan, nan];[100.0, 48.314606741573, 24.3445692883895, nan, nan, nan, nan, nan, nan, nan, nan, nan];
14;Lyallpur 73;Rashid et al. (1999);greenhouse;3.0;Fresh weight [g/plant];1998;Wheat;[0.0, 9.13125, 18.2625, nan, nan, nan, nan, nan, nan, nan, nan, nan];[100.0, 44.8379804069329, 28.1838733986436, nan, nan, nan, nan, nan, nan, nan, nan, nan];
15;Pak 81;Rashid et al. (1999);greenhouse;3.0;Fresh weight [g/plant];1998;Wheat;[0.0, 9.13125, 18.2625, nan, nan, nan, nan, nan, nan, nan, nan, nan];[100.0, 38.255033557047, 25.6524981357196, nan, nan, nan, nan, nan, nan, nan, nan, nan];
16;Potohar;Rashid et al. (1999);greenhouse;3.0;Fresh weight [g/plant];1998;Wheat;[0.0, 9.13125, 18.2625, nan, nan, nan, nan, nan, nan, nan, nan, nan];[100.0, 51.158940397351, 31.953642384106, nan, nan, nan, nan, nan, nan, nan, nan, nan];
17;Punjab 81;Rashid et al. (1999);greenhouse;3.0;Fresh weight [g/plant];1998;Wheat;[0.0, 9.13125, 18.2625, nan, nan, nan, nan, nan, nan, nan, nan, nan];[100.0, 41.0926365795724, 30.5225653206651, nan, nan, nan, nan, nan, nan, nan, nan, nan];
18;SA 75 ;Rashid et al. (1999);greenhouse;3.0;Fresh weight [g/plant];1998;Wheat;[0.0, 9.13125, 18.2625, nan, nan, nan, nan, nan, nan, nan, nan, nan];[100.0, 41.6589002795899, 26.5610438024231, nan, nan, nan, nan, nan, nan, nan, nan, nan];
19;Onfarom 9;Rashid et al. (1999);greenhouse;3.0;Grain yield [g/plant];1998;Wheat;[4.1, 9.1, 12.1, nan, nan, nan, nan, nan, nan, nan, nan, nan];[100.0, 29.7208794635896, 8.26446280991735, nan, nan, nan, nan, nan, nan, nan, nan, nan];
20;Kharchia 65;Sairam et al. (2002);pot;3.0;Grain yield [g/plant];1999;Wheat;[0.0, 5.4, 10.6, nan, nan, nan, nan, nan, nan, nan, nan, nan];[100.0, 61.6771159874608, 46.7868338557994, nan, nan, nan, nan, nan, nan, nan, nan, nan];
21;KRL 19;Sairam et al. (2002);pot;3.0;Grain yield [g/plant];1999;Wheat;[0.0, 5.4, 10.6, nan, nan, nan, nan, nan, nan, nan, nan, nan];[100.0, 31.875, 16.5625, nan, nan, nan, nan, nan, nan, nan, nan, nan];
22;Cham-1;Katerji et al. (2005);greenhouse, lysimeter;3.0;Grain yield [g/m²];2002;Wheat;[0.9, 4.2, 6.9, nan, nan, nan, nan, nan, nan, nan, nan, nan];[100.0, 98.659793814433, 89.3814432989691, nan, nan, nan, nan, nan, nan, nan, nan, nan];
23;Cham-1;Katerji et al. (2005);greenhouse, lysimeter;3.0;1000-grain weight [g];2002;Wheat;[0.9, 4.2, 6.9, nan, nan, nan, nan, nan, nan, nan, nan, nan];[100.0, 98.8066825775656, 101.193317422434, nan, nan, nan, nan, nan, nan, nan, nan, nan];
24;Haurani;Katerji et al. (2005);greenhouse, lysimeter;3.0;Grain yield [g/m²];2002;Wheat;[0.9, 4.2, 6.9, nan, nan, nan, nan, nan, nan, nan, nan, nan];[100.0, 83.8983050847458, 80.1452784503632, nan, nan, nan, nan, nan, nan, nan, nan, nan];
25;Haurani;Katerji et al. (2005);greenhouse, lysimeter;3.0;1000-grain weight [g];2002;Wheat;[0.9, 4.2, 6.9, nan, nan, nan, nan, nan, nan, nan, nan, nan];[100.0, 98.6737400530504, 101.06100795756, nan, nan, nan, nan, nan, nan, nan, nan, nan];
26;SR-2;Shafi et al. (2010);field;3.0;Grain yield [kg/ha];2010;Wheat;[3.25, 4.25, 5.15, nan, nan, nan, nan, nan, nan, nan, nan, nan];[100.0, 92.267617650875, 875.099574180307, nan, nan, nan, nan, nan, nan, nan, nan, nan];
27;SR-4;Shafi et al. (2010);field;3.0;Grain yield [kg/ha];2010;Wheat;[3.25, 4.25, 5.15, nan, nan, nan, nan, nan, nan, nan, nan, nan];[100.0, 88.6184518517564, 88.6901770797095, nan, nan, nan, nan, nan, nan, nan, nan, nan];
28;SR-7;Shafi et al. (2010);field;3.0;Grain yield [kg/ha];2010;Wheat;[3.25, 4.25, 5.15, nan, nan, nan, nan, nan, nan, nan, nan, nan];[100.0, 93.7047665770862, 86.3241480812563, nan, nan, nan, nan, nan, nan, nan, nan, nan];
29;SR-19;Shafi et al. (2010);field;3.0;Grain yield [kg/ha];2010;Wheat;[3.25, 4.25, 5.15, nan, nan, nan, nan, nan, nan, nan, nan, nan];[100.0, 92.791733671997, 87.8112553227462, nan, nan, nan, nan, nan, nan, nan, nan, nan];
30;SR-20;Shafi et al. (2010);field;3.0;Grain yield [kg/ha];2010;Wheat;[3.25, 4.25, 5.15, nan, nan, nan, nan, nan, nan, nan, nan, nan];[100.0, 96.6095999434049, 90.8616603586714, nan, nan, nan, nan, nan, nan, nan, nan, nan];
31;SR-22;Shafi et al. (2010);field;3.0;Grain yield [kg/ha];2010;Wheat;[3.25, 4.25, 5.15, nan, nan, nan, nan, nan, nan, nan, nan, nan];[100.0, 92.3405067022734, 89.3782405882047, nan, nan, nan, nan, nan, nan, nan, nan, nan];
32;SR-23;Shafi et al. (2010);field;3.0;Grain yield [kg/ha];2010;Wheat;[3.25, 4.25, 5.15, nan, nan, nan, nan, nan, nan, nan, nan, nan];[100.0, 95.0256804938194, 87.8268961942608, nan, nan, nan, nan, nan, nan, nan, nan, nan];
33;SR-24;Shafi et al. (2010);field;3.0;Grain yield [kg/ha];2010;Wheat;[3.25, 4.25, 5.15, nan, nan, nan, nan, nan, nan, nan, nan, nan];[100.0, 89.6592364597995, 85.7144248610793, nan, nan, nan, nan, nan, nan, nan, nan, nan];
34;SR-25;Shafi et al. (2010);field;3.0;Grain yield [kg/ha];2010;Wheat;[3.25, 4.25, 5.15, nan, nan, nan, nan, nan, nan, nan, nan, nan];[100.0, 86.2611640492712, 82.3874820355447, nan, nan, nan, nan, nan, nan, nan, nan, nan];
35;SR-40;Shafi et al. (2010);field;3.0;Grain yield [kg/ha];2010;Wheat;[3.25, 4.25, 5.15, nan, nan, nan, nan, nan, nan, nan, nan, nan];[100.0, 93.0353573779798, 91.0642692979379, nan, nan, nan, nan, nan, nan, nan, nan, nan];
36;S-24;Kausar and Shahbaz (2013);net house;2.0;Shoot fresh weight [g/plant];2012;Wheat;[0.0, 0.0234375, nan, nan, nan, nan, nan, nan, nan, nan, nan, nan];[100.0, 35.7142857142857, nan, nan, nan, nan, nan, nan, nan, nan, nan, nan];
37;SARC-1;Saqib et al. (2013);wire house, glassroof;2.0;Grain yield [g/plant];2012;Wheat;[2.5, 15.0, nan, nan, nan, nan, nan, nan, nan, nan, nan, nan];[100.0, 89.4736842105263, nan, nan, nan, nan, nan, nan, nan, nan, nan, nan];
38;7-Cerros;Saqib et al. (2013);wire house, glassroof;2.0;Grain yield [g/plant];2012;Wheat;[2.5, 15.0, nan, nan, nan, nan, nan, nan, nan, nan, nan, nan];[100.0, 67.5675675675676, nan, nan, nan, nan, nan, nan, nan, nan, nan, nan];
39;Biggar;Steppuhn et a. (1997);greenouse, tank;;Relative Grain Yield %;1993;Wheat;[1.0, 1.5, 2.0, 2.5, 3.0, 4.0, 5.0, 6.0, 8.0, 10.0, 12.0, 14.0];[100.0, 109.473684210526, 92.6315789473684, 78.9473684210526, 75.7894736842105, 73.6842105263158, 54.7368421052632, 41.0526315789474, 28.4210526315789, 21.0526315789474, 6.31578947368421, 5.26315789473684];
40;Fielder;Steppuhn et a. (1997);greenouse, tank;;Relative Grain Yield %;1993;Wheat;[1.0, 1.5, 2.0, 2.5, 3.0, 4.0, 5.0, 6.0, 8.0, 10.0, 12.0, 14.0];[100.0, 52.112676056338, 61.9718309859155, 57.0422535211268, 62.6760563380282, 76.056338028169, 53.5211267605634, 32.3943661971831, 25.3521126760563, 15.4929577464789, 3.52112676056338, 2.8169014084507];
41;Katepwa;Steppuhn et a. (1997);greenouse, tank;;Relative Grain Yield %;1993;Wheat;[1.0, 1.5, 2.0, 2.5, 3.0, 4.0, 5.0, 6.0, 8.0, 10.0, 12.0, 14.0];[100.0, 65.3061224489796, 42.8571428571429, 58.1632653061225, 66.3265306122449, 47.9591836734694, 33.6734693877551, 28.5714285714286, 17.3469387755102, 8.16326530612245, 2.04081632653061, 1.02040816326531];
42;Jingshi;Zhang et al. (2005);in virto, microtuber;5.0;Microtuber fresh weight [mg];2005;Potato;[0.0, 1.82625, 3.6525, 5.47875, 7.305, nan, nan, nan, nan, nan, nan, nan];[100.0, 94.5454545454546, 18.1818181818182, 0.0, 0.0, nan, nan, nan, nan, nan, nan, nan];
43;Zihuabai;Zhang et al. (2005);in virto, microtuber;5.0;Microtuber fresh weight [mg];2005;Potato;[0.0, 1.82625, 3.6525, 5.47875, 7.305, nan, nan, nan, nan, nan, nan, nan];[100.0, 63.448275862069, 48.2758620689655, 12.4137931034483, 0.0, nan, nan, nan, nan, nan, nan, nan];
44;Atlantik_1;Kirk et al. (2006);"field?! ""planted in port""";5.0;Mean tuber weight [g] silty loam;2013;Potato;[0.0, 3.28125, 6.640625, 9.96875, 13.28125, nan, nan, nan, nan, nan, nan, nan];[100.0, 77.4509803921569, 69.6078431372549, 67.6470588235294, 66.6666666666667, nan, nan, nan, nan, nan, nan, nan];
45;Atlantik_2;Kirk et al. (2006);"field?! ""planted in port""";5.0;Mean tuber weight [g] Muck soil;2013;Potato;[0.0, 3.28125, 6.640625, 9.96875, 13.28125, nan, nan, nan, nan, nan, nan, nan];[100.0, 68.0412371134021, 80.4123711340206, 61.8556701030928, 56.701030927835, nan, nan, nan, nan, nan, nan, nan];
46;Alpha;Sabbah and Tal (1995);greenhouse;4.0;Root dry weight [g];1995;Potato;[0.0, 4.565625, 9.13125, 13.696875, nan, nan, nan, nan, nan, nan, nan, nan];[100.0, 105.714285714286, 107.142857142857, 72.8571428571429, nan, nan, nan, nan, nan, nan, nan, nan];
47;Russet Burbank;Sabbah and Tal (1995);greenhouse;4.0;Root dry weight [g];1995;Potato;[0.0, 4.565625, 9.13125, 13.696875, nan, nan, nan, nan, nan, nan, nan, nan];[100.0, 126.436781609195, 83.9080459770115, 44.8275862068966, nan, nan, nan, nan, nan, nan, nan, nan];
48;S.kurzianum;Sabbah and Tal (1995);greenhouse;4.0;Root dry weight [g];1995;Potato;[0.0, 4.565625, 9.13125, 13.696875, nan, nan, nan, nan, nan, nan, nan, nan];[100.0, 82.9545454545455, 92.0454545454546, 53.4090909090909, nan, nan, nan, nan, nan, nan, nan, nan];
49;Russet Burbank;Alhagdow et al. (1999);in vitro;3.0;Root dry weight [mg];1999;Potato;[0.0, 0.36525, 0.7305, nan, nan, nan, nan, nan, nan, nan, nan, nan];[100.0, 67.2, 42.0, nan, nan, nan, nan, nan, nan, nan, nan, nan];
50;Russet Burbank;Alhagdow et al. (1999);in vitro;3.0;Shoot dry weight [mg];1999;Potato;[0.0, 0.36525, 0.7305, nan, nan, nan, nan, nan, nan, nan, nan, nan];[100.0, 67.2, 42.0, nan, nan, nan, nan, nan, nan, nan, nan, nan];
51;Sierra ;Alhagdow et al. (1999);in vitro;3.0;Root dry weight [mg];1999;Potato;[0.0, 0.36525, 0.7305, nan, nan, nan, nan, nan, nan, nan, nan, nan];[100.0, 60.2331606217617, 48.9637305699482, nan, nan, nan, nan, nan, nan, nan, nan, nan];
52;Sierra ;Alhagdow et al. (1999);in vitro;3.0;Shoot dry weight [mg];1999;Potato;[0.0, 0.36525, 0.7305, nan, nan, nan, nan, nan, nan, nan, nan, nan];[100.0, 76.6666666666667, 76.4285714285714, nan, nan, nan, nan, nan, nan, nan, nan, nan];
53;Russet Burbank;Alhagdow et al. (1999);in vitro;3.0;Root dry weight [mg];1999;Potato;[0.0, 0.36525, 0.7305, nan, nan, nan, nan, nan, nan, nan, nan, nan];[100.0, 62.3224728487886, 12.1971595655806, nan, nan, nan, nan, nan, nan, nan, nan, nan];
54;Russet Burbank;Alhagdow et al. (1999);in vitro;3.0;Shoot dry weight [mg];1999;Potato;[0.0, 0.36525, 0.7305, nan, nan, nan, nan, nan, nan, nan, nan, nan];[100.0, 68.8679245283019, 26.2971698113208, nan, nan, nan, nan, nan, nan, nan, nan, nan];
55;Sierra ;Alhagdow et al. (1999);in vitro;3.0;Root dry weight [mg];1999;Potato;[0.0, 0.36525, 0.7305, nan, nan, nan, nan, nan, nan, nan, nan, nan];[100.0, 54.3893129770992, 21.5648854961832, nan, nan, nan, nan, nan, nan, nan, nan, nan];
56;Sierra ;Alhagdow et al. (1999);in vitro;3.0;Shoot dry weight [mg];1999;Potato;[0.0, 0.36525, 0.7305, nan, nan, nan, nan, nan, nan, nan, nan, nan];[100.0, 86.8421052631579, 47.4696356275304, nan, nan, nan, nan, nan, nan, nan, nan, nan];
57;Russet Burbank;Alhagdow et al. (1999);in vitro;3.0;Root dry weight [mg];1999;Potato;[0.0, 0.36525, 0.7305, nan, nan, nan, nan, nan, nan, nan, nan, nan];[100.0, 71.5, 16.9, nan, nan, nan, nan, nan, nan, nan, nan, nan];
58;Russet Burbank;Alhagdow et al. (1999);in vitro;3.0;Shoot dry weight [mg];1999;Potato;[0.0, 0.36525, 0.7305, nan, nan, nan, nan, nan, nan, nan, nan, nan];[100.0, 70.0, 24.1, nan, nan, nan, nan, nan, nan, nan, nan, nan];
59;Sierra ;Alhagdow et al. (1999);in vitro;3.0;Root dry weight [mg];1999;Potato;[0.0, 0.36525, 0.7305, nan, nan, nan, nan, nan, nan, nan, nan, nan];[100.0, 51.0, 35.8, nan, nan, nan, nan, nan, nan, nan, nan, nan];
60;Sierra ;Alhagdow et al. (1999);in vitro;3.0;Shoot dry weight [mg];1999;Potato;[0.0, 0.36525, 0.7305, nan, nan, nan, nan, nan, nan, nan, nan, nan];[100.0, 72.0, 59.2, nan, nan, nan, nan, nan, nan, nan, nan, nan];
61;Airampia;Velasquez et al. (2005);in virto;2.0;Root dry weight [%];2005;Potato;[0.7305, 1.09575, nan, nan, nan, nan, nan, nan, nan, nan, nan, nan];[100.0, 23.5294117647059, nan, nan, nan, nan, nan, nan, nan, nan, nan, nan];
62;Airampia;Velasquez et al. (2005);in virto;2.0;Shoot dry weight [%];2005;Potato;[0.7305, 1.09575, nan, nan, nan, nan, nan, nan, nan, nan, nan, nan];[100.0, 46.031746031746, nan, nan, nan, nan, nan, nan, nan, nan, nan, nan];
63;Balcacha;Velasquez et al. (2005);in virto;2.0;Shoot dry weight [%];2005;Potato;[0.7305, 1.09575, nan, nan, nan, nan, nan, nan, nan, nan, nan, nan];[100.0, 55.5555555555556, nan, nan, nan, nan, nan, nan, nan, nan, nan, nan];
64;Blanca;Velasquez et al. (2005);in virto;2.0;Shoot dry weight [%];2005;Potato;[0.7305, 1.09575, nan, nan, nan, nan, nan, nan, nan, nan, nan, nan];[100.0, 126.984126984127, nan, nan, nan, nan, nan, nan, nan, nan, nan, nan];
65;Blanca redonda;Velasquez et al. (2005);in virto;2.0;Shoot dry weight [%];2005;Potato;[0.7305, 1.09575, nan, nan, nan, nan, nan, nan, nan, nan, nan, nan];[100.0, 0.0, nan, nan, nan, nan, nan, nan, nan, nan, nan, nan];
66;Collareja;Velasquez et al. (2005);in virto;2.0;Shoot dry weight [%];2005;Potato;[0.7305, 1.09575, nan, nan, nan, nan, nan, nan, nan, nan, nan, nan];[100.0, 66.6666666666667, nan, nan, nan, nan, nan, nan, nan, nan, nan, nan];
67;Colorada M1;Velasquez et al. (2005);in virto;2.0;Shoot dry weight [%];2005;Potato;[0.7305, 1.09575, nan, nan, nan, nan, nan, nan, nan, nan, nan, nan];[100.0, 62.7906976744186, nan, nan, nan, nan, nan, nan, nan, nan, nan, nan];
68;Cuarentilla;Velasquez et al. (2005);in virto;2.0;Shoot dry weight [%];2005;Potato;[0.7305, 1.09575, nan, nan, nan, nan, nan, nan, nan, nan, nan, nan];[100.0, 11.1111111111111, nan, nan, nan, nan, nan, nan, nan, nan, nan, nan];
69;Cuarentona;Velasquez et al. (2005);in virto;2.0;Shoot dry weight [%];2005;Potato;[0.7305, 1.09575, nan, nan, nan, nan, nan, nan, nan, nan, nan, nan];[100.0, 50.0, nan, nan, nan, nan, nan, nan, nan, nan, nan, nan];
70;Desiree;Velasquez et al. (2005);in virto;2.0;Shoot dry weight [%];2005;Potato;[0.7305, 1.09575, nan, nan, nan, nan, nan, nan, nan, nan, nan, nan];[100.0, 50.0, nan, nan, nan, nan, nan, nan, nan, nan, nan, nan];
71;Kennebec;Velasquez et al. (2005);in virto;2.0;Shoot dry weight [%];2005;Potato;[0.7305, 1.09575, nan, nan, nan, nan, nan, nan, nan, nan, nan, nan];[100.0, 27.027027027027, nan, nan, nan, nan, nan, nan, nan, nan, nan, nan];
72;Overa;Velasquez et al. (2005);in virto;2.0;Shoot dry weight [%];2005;Potato;[0.7305, 1.09575, nan, nan, nan, nan, nan, nan, nan, nan, nan, nan];[100.0, 62.5, nan, nan, nan, nan, nan, nan, nan, nan, nan, nan];
73;Papa Baya;Velasquez et al. (2005);in virto;2.0;Shoot dry weight [%];2005;Potato;[0.7305, 1.09575, nan, nan, nan, nan, nan, nan, nan, nan, nan, nan];[100.0, 75.0, nan, nan, nan, nan, nan, nan, nan, nan, nan, nan];
74;Runa Rosada;Velasquez et al. (2005);in virto;2.0;Shoot dry weight [%];2005;Potato;[0.7305, 1.09575, nan, nan, nan, nan, nan, nan, nan, nan, nan, nan];[100.0, 0.0, nan, nan, nan, nan, nan, nan, nan, nan, nan, nan];
75;Sierra Volcán;Velasquez et al. (2005);in virto;2.0;Shoot dry weight [%];2005;Potato;[0.7305, 1.09575, nan, nan, nan, nan, nan, nan, nan, nan, nan, nan];[100.0, 6.89655172413793, nan, nan, nan, nan, nan, nan, nan, nan, nan, nan];
76;Sisa Sani;Velasquez et al. (2005);in virto;2.0;Shoot dry weight [%];2005;Potato;[0.7305, 1.09575, nan, nan, nan, nan, nan, nan, nan, nan, nan, nan];[100.0, 2.56410256410256, nan, nan, nan, nan, nan, nan, nan, nan, nan, nan];
77;Tacna;Velasquez et al. (2005);in virto;2.0;Shoot dry weight [%];2005;Potato;[0.7305, 1.09575, nan, nan, nan, nan, nan, nan, nan, nan, nan, nan];[100.0, 136.363636363636, nan, nan, nan, nan, nan, nan, nan, nan, nan, nan];
78;Kennebec;Patel et al. (2001);field, lysimeter;2.0;Tuber yield [g/plant];1995;Potato;[1.0, 9.0, nan, nan, nan, nan, nan, nan, nan, nan, nan, nan];[100.0, 95.3645702831371, nan, nan, nan, nan, nan, nan, nan, nan, nan, nan];
79;Norland;Patel et al. (2001);field, lysimeter;2.0;Tuber yield [g/plant];1995;Potato;[1.0, 9.0, nan, nan, nan, nan, nan, nan, nan, nan, nan, nan];[100.0, 82.4274527867342, nan, nan, nan, nan, nan, nan, nan, nan, nan, nan];
80;Russet Burbank;Patel et al. (2001);field, lysimeter;2.0;Tuber yield [g/plant];1995;Potato;[1.0, 9.0, nan, nan, nan, nan, nan, nan, nan, nan, nan, nan];[100.0, 83.3027041218168, nan, nan, nan, nan, nan, nan, nan, nan, nan, nan];
81;Superior;Kim et al. (2013);"field?! ""planted in port""";4.0;Tuber fresh weight [g/tuber] (aus grafik);2013;Potato;[0.0, 1.6, 3.2, 4.8, nan, nan, nan, nan, nan, nan, nan, nan];[100.0, 110.869565217391, 60.8695652173913, 73.9130434782609, nan, nan, nan, nan, nan, nan, nan, nan];
82;Superior;Kim et al. (2013);"field?! ""planted in port""";4.0;Number of tubers (aus grafik);2013;Potato;[0.0, 1.6, 3.2, 4.8, nan, nan, nan, nan, nan, nan, nan, nan];[100.0, 88.6363636363636, 93.1818181818182, 34.0909090909091, nan, nan, nan, nan, nan, nan, nan, nan];
83;Desiree;Heuer and Nadler (1995);field;3.0;Tuber yield [t/ha];1993;Potato;[1.5, 3.0, 6.0, nan, nan, nan, nan, nan, nan, nan, nan, nan];[100.0, 102.831640504771, 95.5370883348722, nan, nan, nan, nan, nan, nan, nan, nan, nan];
84;Spunta;Van Hoorn et al. (1993);tank;3.0;Tuber yield [kg/m²] on loam;1992;Potato;[0.0, 1.7, 2.7, nan, nan, nan, nan, nan, nan, nan, nan, nan];[100.0, 75.8700696055685, 62.6450116009281, nan, nan, nan, nan, nan, nan, nan, nan, nan];
85;Spunta;Van Hoorn et al. (1993);tank;3.0;Tuber yield [kg/m²] on clay;1992;Potato;[0.0, 1.7, 2.7, nan, nan, nan, nan, nan, nan, nan, nan, nan];[100.0, 86.2068965517241, 83.448275862069, nan, nan, nan, nan, nan, nan, nan, nan, nan];
86;Desiree;Bustan et al. (2004);field;5.0;Tuber yield [kg/m²] (1994);1994;Potato;[1.6, 2.4, 4.2, 5.0, 6.6, nan, nan, nan, nan, nan, nan, nan];[100.0, 97.9591836734694, 69.3877551020408, 59.1836734693878, 46.9387755102041, nan, nan, nan, nan, nan, nan, nan];
87;Desiree;Bustan et al. (2004);field;5.0;Tuber yield [kg/m²] (1996);1996;Potato;[1.6, 2.4, 4.2, 5.0, 6.6, nan, nan, nan, nan, nan, nan, nan];[100.0, 102.941176470588, 92.6470588235294, 95.5882352941176, 98.5294117647059, nan, nan, nan, nan, nan, nan, nan];
88;Dejima;Ghosh et al. (2001);earthen pot, glasshouse;4.0;Yield [g per plant] andere infos auch im paper;2000;Potato;[0.2, 0.77, 1.37, 1.95, nan, nan, nan, nan, nan, nan, nan, nan];[100.0, 79.645251396648, 73.9664804469274, 45.0, nan, nan, nan, nan, nan, nan, nan, nan];
89;May Queen;Ghosh et al. (2001);earthen pot, glasshouse;4.0;Yield [g per plant] andere infos auch im paper;2000;Potato;[0.2, 0.77, 1.37, 1.95, nan, nan, nan, nan, nan, nan, nan, nan];[100.0, 89.6562222504123, 56.8565267030318, 48.458708613472, nan, nan, nan, nan, nan, nan, nan, nan];
90;Superior;Kim et al. (2013);"field?! ""planted in port""";4.0;Tuber fresh weight [g/pot] 21cm Wagnerpot;2013;Potato;[0.0, 1.6, 3.2, 4.8, nan, nan, nan, nan, nan, nan, nan, nan];[100.0, 96.5686274509804, 57.843137254902, 26.9607843137255, nan, nan, nan, nan, nan, nan, nan, nan];
91;Chugang;Kim et al. (2013);"field?! ""planted in port""";4.0;Tuber fresh weight [g/pot] 21cm Wagnerpot;2013;Potato;[0.0, 1.6, 3.2, 4.8, nan, nan, nan, nan, nan, nan, nan, nan];[100.0, 67.6300578034682, 41.0404624277457, 29.4797687861272, nan, nan, nan, nan, nan, nan, nan, nan];
92;Chudong;Kim et al. (2013);"field?! ""planted in port""";4.0;Tuber fresh weight [g/pot] 21cm Wagnerpot;2013;Potato;[0.0, 1.6, 3.2, 4.8, nan, nan, nan, nan, nan, nan, nan, nan];[100.0, 58.8495575221239, 14.6017699115044, 20.7964601769911, nan, nan, nan, nan, nan, nan, nan, nan];
93;Chuyeong;Kim et al. (2013);"field?! ""planted in port""";4.0;Tuber fresh weight [g/pot] 21cm Wagnerpot;2013;Potato;[0.0, 1.6, 3.2, 4.8, nan, nan, nan, nan, nan, nan, nan, nan];[100.0, 72.5581395348837, 54.8837209302326, 24.6511627906977, nan, nan, nan, nan, nan, nan, nan, nan];
94;Chubeak;Kim et al. (2013);"field?! ""planted in port""";4.0;Tuber fresh weight [g/pot] 21cm Wagnerpot;2013;Potato;[0.0, 1.6, 3.2, 4.8, nan, nan, nan, nan, nan, nan, nan, nan];[100.0, 35.4066985645933, 34.4497607655502, 23.9234449760766, nan, nan, nan, nan, nan, nan, nan, nan];
95;Monidal;Levi und Tai (2013), Levy and Veilleux [2007);field;3.0;Tuber yield [kg/m²];2006;Potato;[2.35, 5.1, 8.5, nan, nan, nan, nan, nan, nan, nan, nan, nan];[100.0, 71.7391304347826, 60.8695652173913, nan, nan, nan, nan, nan, nan, nan, nan, nan];
96;Desiree;Levi und Tai (2013), Levy and Veilleux [2007);field;3.0;Tuber yield [kg/m²];2006;Potato;[2.35, 5.1, 8.5, nan, nan, nan, nan, nan, nan, nan, nan, nan];[100.0, 85.7142857142857, 76.1904761904762, nan, nan, nan, nan, nan, nan, nan, nan, nan];
97;Vivaldi;Levi und Tai (2013), Levy and Veilleux [2007);field;3.0;Tuber yield [kg/m²];2006;Potato;[2.35, 5.1, 8.5, nan, nan, nan, nan, nan, nan, nan, nan, nan];[100.0, 88.0952380952381, 83.3333333333333, nan, nan, nan, nan, nan, nan, nan, nan, nan];
98;Nicola;Levi und Tai (2013), Levy and Veilleux [2007);field;3.0;Tuber yield [kg/m²];2006;Potato;[2.35, 5.1, 8.5, nan, nan, nan, nan, nan, nan, nan, nan, nan];[100.0, 92.6829268292683, 68.2926829268293, nan, nan, nan, nan, nan, nan, nan, nan, nan];
99;Hermes;Levi und Tai (2013), Levy and Veilleux [2007);field;3.0;Tuber yield [kg/m²];2006;Potato;[2.35, 5.1, 8.5, nan, nan, nan, nan, nan, nan, nan, nan, nan];[100.0, 91.4285714285714, 74.2857142857143, nan, nan, nan, nan, nan, nan, nan, nan, nan];
100;Winston;Levi und Tai (2013), Levy and Veilleux [2007);field;3.0;Tuber yield [kg/m²];2006;Potato;[2.35, 5.1, 8.5, nan, nan, nan, nan, nan, nan, nan, nan, nan];[100.0, 84.2105263157895, 60.5263157894737, nan, nan, nan, nan, nan, nan, nan, nan, nan];
101;Almera;Levi und Tai (2013), Levy and Veilleux [2007);field;3.0;Tuber yield [kg/m²];2006;Potato;[2.35, 5.1, 8.5, nan, nan, nan, nan, nan, nan, nan, nan, nan];[100.0, 106.451612903226, 83.8709677419355, nan, nan, nan, nan, nan, nan, nan, nan, nan];
102;Charlotte;Levi und Tai (2013), Levy and Veilleux [2007);field;3.0;Tuber yield [kg/m²];2006;Potato;[2.35, 5.1, 8.5, nan, nan, nan, nan, nan, nan, nan, nan, nan];[100.0, 85.1851851851852, 59.2592592592593, nan, nan, nan, nan, nan, nan, nan, nan, nan];
103;Maris Peer;Levi und Tai (2013), Levy and Veilleux [2007);field;3.0;Tuber yield [kg/m²];2006;Potato;[2.35, 5.1, 8.5, nan, nan, nan, nan, nan, nan, nan, nan, nan];[100.0, 100.0, 70.9677419354839, nan, nan, nan, nan, nan, nan, nan, nan, nan];
104;Ditta;Levi und Tai (2013), Levy and Veilleux [2007);field;3.0;Tuber yield [kg/m²];2006;Potato;[2.35, 5.1, 8.5, nan, nan, nan, nan, nan, nan, nan, nan, nan];[100.0, 76.9230769230769, 66.6666666666667, nan, nan, nan, nan, nan, nan, nan, nan, nan];
105;Zhongnong_1;Wan et al. (2010);field;5.0;Fruit number per plant (2003);2003;Cucumber;[1.1, 2.2, 2.9, 3.5, 4.2, nan, nan, nan, nan, nan, nan, nan];[100.0, 91.866028708134, 87.5598086124402, 82.7751196172249, 79.9043062200957, nan, nan, nan, nan, nan, nan, nan];
106;Zhongnong_2;Wan et al. (2010);field;5.0;Fruit number per plant (2004);2004;Cucumber;[1.1, 2.2, 2.9, 3.5, 4.2, nan, nan, nan, nan, nan, nan, nan];[100.0, 98.7341772151899, 92.4050632911392, 92.4050632911392, 88.6075949367089, nan, nan, nan, nan, nan, nan, nan];
107;Zhongnong_3;Wan et al. (2010);field;5.0;Fruit number per plant (2005);2005;Cucumber;[1.1, 2.3, 3.5, 4.2, 4.9, nan, nan, nan, nan, nan, nan, nan];[100.0, 91.2280701754386, 87.719298245614, 78.9473684210526, 80.7017543859649, nan, nan, nan, nan, nan, nan, nan];
108;Anadolu F1;Baysal Furtuna et al. (2010);plastic pans;2.0;Leaf dry weight [%];2008;Cucumber;[0.0, 13.696875, nan, nan, nan, nan, nan, nan, nan, nan, nan, nan];[100.0, 41.8, nan, nan, nan, nan, nan, nan, nan, nan, nan, nan];
109;Beith Alpha;Baysal Furtuna et al. (2010);plastic pans;2.0;Leaf dry weight [%];2008;Cucumber;[0.0, 13.696875, nan, nan, nan, nan, nan, nan, nan, nan, nan, nan];[100.0, 49.7, nan, nan, nan, nan, nan, nan, nan, nan, nan, nan];
110;Cengelköy;Baysal Furtuna et al. (2010);plastic pans;2.0;Leaf dry weight [%];2008;Cucumber;[0.0, 13.696875, nan, nan, nan, nan, nan, nan, nan, nan, nan, nan];[100.0, 69.4, nan, nan, nan, nan, nan, nan, nan, nan, nan, nan];
111;Santana F1;Alpaslan and Gunes (2001);glasshouse;2.0;Dry weight [g/plant];2000;Cucumber;[0.0, 2.739375, nan, nan, nan, nan, nan, nan, nan, nan, nan, nan];[100.0, 49.9515033947624, nan, nan, nan, nan, nan, nan, nan, nan, nan, nan];
112;Dila;Lechno et al. (1997);5L Pots;2.0;Shoot fresh weight [g];1996;Cucumber;[0.0, 9.13125, nan, nan, nan, nan, nan, nan, nan, nan, nan, nan];[100.0, 72.5490196078431, nan, nan, nan, nan, nan, nan, nan, nan, nan, nan];
113;Dila;Lechno et al. (1997);5L Pots;2.0;Shoot dry weight [g];1996;Cucumber;[0.0, 9.13125, nan, nan, nan, nan, nan, nan, nan, nan, nan, nan];[100.0, 76.2886597938144, nan, nan, nan, nan, nan, nan, nan, nan, nan, nan];
114;Jinyou;Yuan et al. (2014);greenhouse;2.0;Fresh weight [g/plant];2013;Cucumber;[0.0, 6.8484375, nan, nan, nan, nan, nan, nan, nan, nan, nan, nan];[100.0, 35.9649122807018, nan, nan, nan, nan, nan, nan, nan, nan, nan, nan];
115;Jinyou;Yuan et al. (2014);greenhouse;2.0;Dry weight [g/plant];2013;Cucumber;[0.0, 6.8484375, nan, nan, nan, nan, nan, nan, nan, nan, nan, nan];[100.0, 32.2683706070288, nan, nan, nan, nan, nan, nan, nan, nan, nan, nan];
116;Palmera;Trajkova and Papadantonakis (2006);glasshouse;3.0;Mean fruit weight [g];2004;Cucumber;[2.1, 3.0, 5.0, nan, nan, nan, nan, nan, nan, nan, nan, nan];[100.0, 88.3435582822086, 73.3128834355828, nan, nan, nan, nan, nan, nan, nan, nan, nan];
117;Palmera;Trajkova and Papadantonakis (2006);glasshouse;3.0;Mean fruit weight [g];2004;Cucumber;[2.1, 3.0, 4.8, nan, nan, nan, nan, nan, nan, nan, nan, nan];[100.0, 90.1840490797546, 80.6748466257669, nan, nan, nan, nan, nan, nan, nan, nan, nan];
118;Sweet Crunch;Al-Sadi et al. (2010);8cm diameter pot;6.0;Dry weight per seedling [mg];2010;Cucumber;[0.0, 1.0, 2.0, 3.0, 4.0, 5.0, nan, nan, nan, nan, nan, nan];[100.0, 83.7209302325581, 97.6744186046512, 69.7674418604651, 76.7441860465116, 67.4418604651163, nan, nan, nan, nan, nan, nan];
119;Pepinex;Chartzoulakis (1994);50L plastic container, glasshouse;5.0;Shoot dry weight [g];1989;Cucumber;[0.3, 1.2, 2.7, 5.0, 10.7, nan, nan, nan, nan, nan, nan, nan];[100.0, 98.698315467075, 76.416539050536, 38.9739663093415, 6.04900459418071, nan, nan, nan, nan, nan, nan, nan];
120;CHC-1;Tiwari et al. (2013);earthen pots;4.0;fruit yield per vine [kg];2013;Cucumber;[0.0, 2.0, 4.0, 6.0, nan, nan, nan, nan, nan, nan, nan, nan];[100.0, 54.7008547008547, 23.0769230769231, 0.0, nan, nan, nan, nan, nan, nan, nan, nan];
121;CRC-8;Tiwari et al. (2013);earthen pots;4.0;fruit yield per vine [kg];2013;Cucumber;[0.0, 2.0, 4.0, 6.0, nan, nan, nan, nan, nan, nan, nan, nan];[100.0, 72.0, 44.0, 0.0, nan, nan, nan, nan, nan, nan, nan, nan];
122;Himangi;Tiwari et al. (2013);earthen pots;4.0;fruit yield per vine [kg];2013;Cucumber;[0.0, 2.0, 4.0, 6.0, nan, nan, nan, nan, nan, nan, nan, nan];[100.0, 65.4545454545454, 30.9090909090909, 0.0, nan, nan, nan, nan, nan, nan, nan, nan];
123;CHC-2;Tiwari et al. (2013);earthen pots;4.0;fruit yield per vine [kg];2013;Cucumber;[0.0, 2.0, 4.0, 6.0, nan, nan, nan, nan, nan, nan, nan, nan];[100.0, 70.3703703703704, 40.7407407407407, 0.0, nan, nan, nan, nan, nan, nan, nan, nan];
124;G-319;Tiwari et al. (2013);earthen pots;4.0;fruit yield per vine [kg];2013;Cucumber;[0.0, 2.0, 4.0, 6.0, nan, nan, nan, nan, nan, nan, nan, nan];[100.0, 65.0, 35.0, 0.0, nan, nan, nan, nan, nan, nan, nan, nan];
125;G-338;Tiwari et al. (2013);earthen pots;4.0;fruit yield per vine [kg];2013;Cucumber;[0.0, 2.0, 4.0, 6.0, nan, nan, nan, nan, nan, nan, nan, nan];[100.0, 70.0, 41.6666666666667, 0.0, nan, nan, nan, nan, nan, nan, nan, nan];
126;Long Green;Tiwari et al. (2013);earthen pots;4.0;fruit yield per vine [kg];2013;Cucumber;[0.0, 2.0, 4.0, 6.0, nan, nan, nan, nan, nan, nan, nan, nan];[100.0, 60.952380952381, 30.4761904761905, 0.0, nan, nan, nan, nan, nan, nan, nan, nan];
127;ACC-9;Tiwari et al. (2013);earthen pots;4.0;fruit yield per vine [kg];2013;Cucumber;[0.0, 2.0, 4.0, 6.0, nan, nan, nan, nan, nan, nan, nan, nan];[100.0, 51.1111111111111, 20.0, 0.0, nan, nan, nan, nan, nan, nan, nan, nan];
128;Poinsett;Tiwari et al. (2013);earthen pots;4.0;fruit yield per vine [kg];2013;Cucumber;[0.0, 2.0, 4.0, 6.0, nan, nan, nan, nan, nan, nan, nan, nan];[100.0, 63.5294117647059, 30.5882352941176, 0.0, nan, nan, nan, nan, nan, nan, nan, nan];
129;CRC-5;Tiwari et al. (2013);earthen pots;4.0;fruit yield per vine [kg];2013;Cucumber;[0.0, 2.0, 4.0, 6.0, nan, nan, nan, nan, nan, nan, nan, nan];[100.0, 45.1923076923077, 15.3846153846154, 0.0, nan, nan, nan, nan, nan, nan, nan, nan];
130;WBC-27;Tiwari et al. (2013);earthen pots;4.0;fruit yield per vine [kg];2013;Cucumber;[0.0, 2.0, 4.0, 6.0, nan, nan, nan, nan, nan, nan, nan, nan];[100.0, 56.8421052631579, 24.2105263157895, 0.0, nan, nan, nan, nan, nan, nan, nan, nan];
131;CH-20;Tiwari et al. (2013);earthen pots;4.0;fruit yield per vine [kg];2013;Cucumber;[0.0, 2.0, 4.0, 6.0, nan, nan, nan, nan, nan, nan, nan, nan];[100.0, 34.8148148148148, 10.3703703703704, 0.0, nan, nan, nan, nan, nan, nan, nan, nan];
132;WBC-31;Tiwari et al. (2013);earthen pots;4.0;fruit yield per vine [kg];2013;Cucumber;[0.0, 2.0, 4.0, 6.0, nan, nan, nan, nan, nan, nan, nan, nan];[100.0, 61.7977528089888, 29.2134831460674, 0.0, nan, nan, nan, nan, nan, nan, nan, nan];
133;Pusa Uday;Tiwari et al. (2013);earthen pots;4.0;fruit yield per vine [kg];2013;Cucumber;[0.0, 2.0, 4.0, 6.0, nan, nan, nan, nan, nan, nan, nan, nan];[100.0, 44.5454545454546, 14.5454545454545, 0.0, nan, nan, nan, nan, nan, nan, nan, nan];
134;DC-3;Tiwari et al. (2013);earthen pots;4.0;fruit yield per vine [kg];2013;Cucumber;[0.0, 2.0, 4.0, 6.0, nan, nan, nan, nan, nan, nan, nan, nan];[100.0, 54.2168674698795, 22.8915662650602, 0.0, nan, nan, nan, nan, nan, nan, nan, nan];
135;DC-1;Tiwari et al. (2013);earthen pots;4.0;fruit yield per vine [kg];2013;Cucumber;[0.0, 2.0, 4.0, 6.0, nan, nan, nan, nan, nan, nan, nan, nan];[100.0, 34.8148148148148, 10.3703703703704, 0.0, nan, nan, nan, nan, nan, nan, nan, nan];
136;WBC-28;Tiwari et al. (2013);earthen pots;4.0;fruit yield per vine [kg];2013;Cucumber;[0.0, 2.0, 4.0, 6.0, nan, nan, nan, nan, nan, nan, nan, nan];[100.0, 47.787610619469, 17.6991150442478, 0.0, nan, nan, nan, nan, nan, nan, nan, nan];
137;Jinchun;Zhu et al. (2008);glasshouse;4.0;Shoot dry weight [g];2005;Cucumber;[0.8, 2.3, 3.8, 5.1, nan, nan, nan, nan, nan, nan, nan, nan];[100.0, 75.609756097561, 56.0975609756098, 42.2764227642277, nan, nan, nan, nan, nan, nan, nan, nan];
138;Jinchun;Zhu et al. (2008);glasshouse;4.0;Plant height [cm];2005;Cucumber;[0.8, 2.3, 3.8, 5.1, nan, nan, nan, nan, nan, nan, nan, nan];[100.0, 69.2409678488565, 41.6970500497183, 35.0016572754392, nan, nan, nan, nan, nan, nan, nan, nan];
139;Zaoduojia;Zhu et al. (2008);glasshouse;4.0;Shoot dry weight [g];2005;Cucumber;[0.8, 2.3, 3.8, 5.1, nan, nan, nan, nan, nan, nan, nan, nan];[100.0, 86.8263473053892, 61.0778443113773, 50.8982035928144, nan, nan, nan, nan, nan, nan, nan, nan];
140;Zaoduojia;Zhu et al. (2008);glasshouse;4.0;Plant height [cm];2005;Cucumber;[0.8, 2.3, 3.8, 5.1, nan, nan, nan, nan, nan, nan, nan, nan];[100.0, 73.8191975622143, 44.794311833418, 33.2148298628746, nan, nan, nan, nan, nan, nan, nan, nan];
141;Fidelio;Drew et al. (1990);greenhouse;3.0;Number of fruits/plant;1989;Cucumber;[1.8, 2.7, 6.1, nan, nan, nan, nan, nan, nan, nan, nan, nan];[100.0, 120.779220779221, 84.4155844155844, nan, nan, nan, nan, nan, nan, nan, nan, nan];
142;Fidelio;Drew et al. (1990);greenhouse;3.0;Mean fresh weight [g/fruit];1989;Cucumber;[1.8, 2.7, 6.1, nan, nan, nan, nan, nan, nan, nan, nan, nan];[100.0, 73.8188976377953, 47.244094488189, nan, nan, nan, nan, nan, nan, nan, nan, nan];
143;AG 6690;Blanco et al. (2008);greenhouse, 60L pot;7.0;total dry weight (g/plant);2003;Corn;[0.3, 1.0, 1.7, 2.4, 3.1, 3.8, 4.5, nan, nan, nan, nan, nan];[100.0, 89.8360655737705, 93.1147540983607, 79.0163934426229, 78.3606557377049, 59.0163934426229, 48.8524590163934, nan, nan, nan, nan, nan];
144;Zeo 6;Khan et al. (2003);solution culture;8.0;root length (cm);2000;Corn;[0.0, 1.82625, 3.6525, 5.47875, 7.305, 9.13125, 10.9575, 13.696875, nan, nan, nan, nan];[100.0, 97.2413793103448, 96.551724137931, 89.6551724137931, 69.6551724137931, 40.0, 33.7931034482759, 24.8275862068966, nan, nan, nan, nan];
145;C 12303;Khan et al. (2003);solution culture;8.0;root length (cm);2000;Corn;[0.0, 1.82625, 3.6525, 5.47875, 7.305, 9.13125, 10.9575, 13.696875, nan, nan, nan, nan];[100.0, 94.1605839416058, 89.7810218978102, 76.6423357664234, 63.5036496350365, 50.3649635036496, 32.8467153284672, 24.0875912408759, nan, nan, nan, nan];
146;Reward;Khan et al. (2003);solution culture;8.0;root length (cm);2000;Corn;[0.0, 1.82625, 3.6525, 5.47875, 7.305, 9.13125, 10.9575, 13.696875, nan, nan, nan, nan];[100.0, 62.5766871165644, 37.4233128834356, 36.8098159509202, 24.5398773006135, 23.9263803680982, 22.0858895705521, 20.2453987730061, nan, nan, nan, nan];
147;Ada-523;Carpici et al. (2010);10 day germination experiment;6.0;rel. total dry weight;2008;Corn;[0.0, 4.565625, 9.13125, 13.696875, 18.2625, 22.828125, nan, nan, nan, nan, nan, nan];[100.0, 83.71, 60.23, 59.5, 48.11, 32.84, nan, nan, nan, nan, nan, nan];
148;Bora;Carpici et al. (2010);10 day germination experiment;6.0;rel. total dry weight;2009;Corn;[0.0, 4.565625, 9.13125, 13.696875, 18.2625, 22.828125, nan, nan, nan, nan, nan, nan];[100.0, 77.7, 68.92, 64.8, 56.0, 48.93, nan, nan, nan, nan, nan, nan];
149;C-955;Carpici et al. (2010);10 day germination experiment;6.0;rel. total dry weight;2010;Corn;[0.0, 4.565625, 9.13125, 13.696875, 18.2625, 22.828125, nan, nan, nan, nan, nan, nan];[100.0, 92.75, 91.39, 85.16, 69.15, 44.92, nan, nan, nan, nan, nan, nan];
150;PR3394;Carpici et al. (2010);10 day germination experiment;6.0;rel. total dry weight;2011;Corn;[0.0, 4.565625, 9.13125, 13.696875, 18.2625, 22.828125, nan, nan, nan, nan, nan, nan];[100.0, 73.86, 69.09, 54.88, 43.13, 28.0, nan, nan, nan, nan, nan, nan];
151;Progen-1550;Carpici et al. (2010);10 day germination experiment;6.0;rel. total dry weight;2012;Corn;[0.0, 4.565625, 9.13125, 13.696875, 18.2625, 22.828125, nan, nan, nan, nan, nan, nan];[100.0, 82.31, 51.12, 41.43, 26.17, 14.13, nan, nan, nan, nan, nan, nan];
152;Trebbia;Carpici et al. (2010);10 day germination experiment;6.0;rel. total dry weight;2013;Corn;[0.0, 4.565625, 9.13125, 13.696875, 18.2625, 22.828125, nan, nan, nan, nan, nan, nan];[100.0, 85.7, 79.93, 67.06, 55.08, 40.0, nan, nan, nan, nan, nan, nan];
153;RX 947;Turan et al. (2010);greenhouse, pot, shoot/root experiment;5.0;shoot dry weight (g/pot);2009;Corn;[0.0, 2.2828125, 4.565625, 6.8484375, 9.13125, nan, nan, nan, nan, nan, nan, nan];[100.0, 92.5515660809779, 76.8525592055004, 58.0213903743316, 46.2948815889992, nan, nan, nan, nan, nan, nan, nan];
154;RX 948;Turan et al. (2010);greenhouse, pot, shoot/root experiment;5.0;root dry weight (g/pot);2009;Corn;[0.0, 2.2828125, 4.565625, 6.8484375, 9.13125, nan, nan, nan, nan, nan, nan, nan];[100.0, 84.8111658456486, 82.183908045977, 71.8390804597701, 53.2019704433498, nan, nan, nan, nan, nan, nan, nan];
155;Saccharata;Cha-Um and Kirdmanee (2009);lab experiment, shoot/root;5.0;fresh weight (mg);2008;Corn;[0.0, 9.13125, 18.2625, 27.39375, 36.525, nan, nan, nan, nan, nan, nan, nan];[100.0, 69.0630048465267, 53.9579967689822, 45.3957996768982, 36.5912762520194, nan, nan, nan, nan, nan, nan, nan];
156;Saccharata;Cha-Um and Kirdmanee (2009);lab experiment, shoot/root;5.0;dry weight (mg);2008;Corn;[0.0, 9.13125, 18.2625, 27.39375, 36.525, nan, nan, nan, nan, nan, nan, nan];[100.0, 89.5238095238095, 74.2857142857143, 66.6666666666667, 60.0, nan, nan, nan, nan, nan, nan, nan];
157;Ceratina;Cha-Um and Kirdmanee (2009);lab experiment, shoot/root;5.0;fresh weight (mg);2008;Corn;[0.0, 9.13125, 18.2625, 27.39375, 36.525, nan, nan, nan, nan, nan, nan, nan];[100.0, 85.2598913886734, 70.0543056633049, 66.0977501939488, 51.3576415826222, nan, nan, nan, nan, nan, nan, nan];
158;Ceratina;Cha-Um and Kirdmanee (2009);lab experiment, shoot/root;5.0;dry weight (mg);2008;Corn;[0.0, 9.13125, 18.2625, 27.39375, 36.525, nan, nan, nan, nan, nan, nan, nan];[100.0, 91.1504424778761, 86.7256637168142, 76.1061946902655, 52.212389380531, nan, nan, nan, nan, nan, nan, nan];
159;Jaunpuri;Gautam and Singh (2009);glasshouse, pot;4.0;dry weight (g/plant);2008;Corn;[0.0, 4.565625, 9.13125, 18.2625, nan, nan, nan, nan, nan, nan, nan, nan];[100.0, 99.2667277726856, 81.6681943171403, 61.8698441796517, nan, nan, nan, nan, nan, nan, nan, nan];
160;Aristo;Hichem et al. (2009);glasshouse, pot;4.0;leaf dry matter;2008;Corn;[0.0, 3.104625, 6.20925, 9.313875, nan, nan, nan, nan, nan, nan, nan, nan];[100.0, 87.4, 76.4, 54.4, nan, nan, nan, nan, nan, nan, nan, nan];
161;Arper;Hichem et al. (2009);glasshouse, pot;4.0;leaf dry matter;2008;Corn;[0.0, 3.104625, 6.20925, 9.313875, nan, nan, nan, nan, nan, nan, nan, nan];[100.0, 101.391650099404, 79.5228628230616, 53.6779324055666, nan, nan, nan, nan, nan, nan, nan, nan];
162;Zea 642;Khan et al. (2003);solution culture;3.0;rel. root length;2000;Corn;[5.47875, 7.305, 13.696875, nan, nan, nan, nan, nan, nan, nan, nan, nan];[100.0, 82.0065108020124, 50.2219591595147, nan, nan, nan, nan, nan, nan, nan, nan, nan];
163;Zea 670;Khan et al. (2003);solution culture;3.0;rel. root length;2000;Corn;[5.47875, 7.305, 13.696875, nan, nan, nan, nan, nan, nan, nan, nan, nan];[100.0, 70.5067567567568, 51.2837837837838, nan, nan, nan, nan, nan, nan, nan, nan, nan];
164;Zea 671;Khan et al. (2003);solution culture;3.0;rel. root length;2000;Corn;[5.47875, 7.305, 13.696875, nan, nan, nan, nan, nan, nan, nan, nan, nan];[100.0, 76.3431389818566, 56.3854148317773, nan, nan, nan, nan, nan, nan, nan, nan, nan];
165;Zea 699;Khan et al. (2003);solution culture;3.0;rel. root length;2000;Corn;[5.47875, 7.305, 13.696875, nan, nan, nan, nan, nan, nan, nan, nan, nan];[100.0, 79.678510998308, 51.7597292724196, nan, nan, nan, nan, nan, nan, nan, nan, nan];
166;Zea 769;Khan et al. (2003);solution culture;3.0;rel. root length;2000;Corn;[5.47875, 7.305, 13.696875, nan, nan, nan, nan, nan, nan, nan, nan, nan];[100.0, 82.4832092938827, 53.9662370666183, nan, nan, nan, nan, nan, nan, nan, nan, nan];
167;Zea 1006;Khan et al. (2003);solution culture;3.0;rel. root length;2000;Corn;[5.47875, 7.305, 13.696875, nan, nan, nan, nan, nan, nan, nan, nan, nan];[100.0, 88.6751095957136, 43.8382854359474, nan, nan, nan, nan, nan, nan, nan, nan, nan];
168;Zea 1072;Khan et al. (2003);solution culture;3.0;rel. root length;2000;Corn;[5.47875, 7.305, 13.696875, nan, nan, nan, nan, nan, nan, nan, nan, nan];[100.0, 74.9378998043569, 42.2281330373041, nan, nan, nan, nan, nan, nan, nan, nan, nan];
169;G 800;Khan et al. (2003);solution culture;3.0;rel. root length;2000;Corn;[5.47875, 7.305, 13.696875, nan, nan, nan, nan, nan, nan, nan, nan, nan];[100.0, 77.7747662284862, 46.2393278221981, nan, nan, nan, nan, nan, nan, nan, nan, nan];
170;Pyramid;Khan et al. (2003);solution culture;3.0;rel. root length;2000;Corn;[5.47875, 7.305, 13.696875, nan, nan, nan, nan, nan, nan, nan, nan, nan];[100.0, 55.7223264540338, 61.5214054238444, nan, nan, nan, nan, nan, nan, nan, nan, nan];
171;Labrador;Khan et al. (2003);solution culture;3.0;rel. root length;2000;Corn;[5.47875, 7.305, 13.696875, nan, nan, nan, nan, nan, nan, nan, nan, nan];[100.0, 59.5787898225358, 34.0923669018602, nan, nan, nan, nan, nan, nan, nan, nan, nan];
172;Lg 20.80;Khan et al. (2003);solution culture;3.0;rel. root length;2000;Corn;[5.47875, 7.305, 13.696875, nan, nan, nan, nan, nan, nan, nan, nan, nan];[100.0, 97.4704461675353, 58.1288928435236, nan, nan, nan, nan, nan, nan, nan, nan, nan];
173;Zeo 1;Khan et al. (2003);solution culture;3.0;rel. root length;2000;Corn;[5.47875, 7.305, 13.696875, nan, nan, nan, nan, nan, nan, nan, nan, nan];[100.0, 80.1652892561983, 50.4674163392494, nan, nan, nan, nan, nan, nan, nan, nan, nan];
174;Zeo 2;Khan et al. (2003);solution culture;3.0;rel. root length;2000;Corn;[5.47875, 7.305, 13.696875, nan, nan, nan, nan, nan, nan, nan, nan, nan];[100.0, 93.7807881773399, 84.1338259441708, nan, nan, nan, nan, nan, nan, nan, nan, nan];
175;Zeo 3;Khan et al. (2003);solution culture;3.0;rel. root length;2000;Corn;[5.47875, 7.305, 13.696875, nan, nan, nan, nan, nan, nan, nan, nan, nan];[100.0, 96.5676822213652, 48.2838411106826, nan, nan, nan, nan, nan, nan, nan, nan, nan];
176;Zeo 4;Khan et al. (2003);solution culture;3.0;rel. root length;2000;Corn;[5.47875, 7.305, 13.696875, nan, nan, nan, nan, nan, nan, nan, nan, nan];[100.0, 83.4778774070263, 42.2607673085403, nan, nan, nan, nan, nan, nan, nan, nan, nan];
177;Zeo 5;Khan et al. (2003);solution culture;3.0;rel. root length;2000;Corn;[5.47875, 7.305, 13.696875, nan, nan, nan, nan, nan, nan, nan, nan, nan];[100.0, 85.3000674308833, 40.7012811867835, nan, nan, nan, nan, nan, nan, nan, nan, nan];
178;Zeo 6;Khan et al. (2003);solution culture;3.0;rel. root length;2000;Corn;[5.47875, 7.305, 13.696875, nan, nan, nan, nan, nan, nan, nan, nan, nan];[100.0, 77.6844698242078, 28.7201881088344, nan, nan, nan, nan, nan, nan, nan, nan, nan];
179;ICI 49;Khan et al. (2003);solution culture;3.0;rel. root length;2000;Corn;[5.47875, 7.305, 13.696875, nan, nan, nan, nan, nan, nan, nan, nan, nan];[100.0, 52.0245634235272, 25.8683554020342, nan, nan, nan, nan, nan, nan, nan, nan, nan];
180;ICI 95;Khan et al. (2003);solution culture;3.0;rel. root length;2000;Corn;[5.47875, 7.305, 13.696875, nan, nan, nan, nan, nan, nan, nan, nan, nan];[100.0, 83.9023659778377, 18.4486373165618, nan, nan, nan, nan, nan, nan, nan, nan, nan];
181;C 88;Khan et al. (2003);solution culture;3.0;rel. root length;2000;Corn;[5.47875, 7.305, 13.696875, nan, nan, nan, nan, nan, nan, nan, nan, nan];[100.0, 74.1033277223877, 31.4385601450214, nan, nan, nan, nan, nan, nan, nan, nan, nan];
182;C 89;Khan et al. (2003);solution culture;3.0;rel. root length;2000;Corn;[5.47875, 7.305, 13.696875, nan, nan, nan, nan, nan, nan, nan, nan, nan];[100.0, 87.6137364250073, 46.4484884062225, nan, nan, nan, nan, nan, nan, nan, nan, nan];
183;C 235;Khan et al. (2003);solution culture;3.0;rel. root length;2000;Corn;[5.47875, 7.305, 13.696875, nan, nan, nan, nan, nan, nan, nan, nan, nan];[100.0, 56.7027477102415, 33.1223980016653, nan, nan, nan, nan, nan, nan, nan, nan, nan];
184;C 10881;Khan et al. (2003);solution culture;3.0;rel. root length;2000;Corn;[5.47875, 7.305, 13.696875, nan, nan, nan, nan, nan, nan, nan, nan, nan];[100.0, 72.7149397998983, 42.6318467017127, nan, nan, nan, nan, nan, nan, nan, nan, nan];
185;C 10932;Khan et al. (2003);solution culture;3.0;rel. root length;2000;Corn;[5.47875, 7.305, 13.696875, nan, nan, nan, nan, nan, nan, nan, nan, nan];[100.0, 51.3606911447084, 34.7876169906407, nan, nan, nan, nan, nan, nan, nan, nan, nan];
186;C 11025;Khan et al. (2003);solution culture;3.0;rel. root length;2000;Corn;[5.47875, 7.305, 13.696875, nan, nan, nan, nan, nan, nan, nan, nan, nan];[100.0, 76.0548680483077, 36.245713433726, nan, nan, nan, nan, nan, nan, nan, nan, nan];
187;C 11026;Khan et al. (2003);solution culture;3.0;rel. root length;2000;Corn;[5.47875, 7.305, 13.696875, nan, nan, nan, nan, nan, nan, nan, nan, nan];[100.0, 70.0796490823041, 29.112316749394, nan, nan, nan, nan, nan, nan, nan, nan, nan];
188;C 12297;Khan et al. (2003);solution culture;3.0;rel. root length;2000;Corn;[5.47875, 7.305, 13.696875, nan, nan, nan, nan, nan, nan, nan, nan, nan];[100.0, 83.6675385062482, 34.0598663179308, nan, nan, nan, nan, nan, nan, nan, nan, nan];
189;C 12298;Khan et al. (2003);solution culture;3.0;rel. root length;2000;Corn;[5.47875, 7.305, 13.696875, nan, nan, nan, nan, nan, nan, nan, nan, nan];[100.0, 72.3203451530268, 34.0164486989349, nan, nan, nan, nan, nan, nan, nan, nan, nan];
190;C 12299;Khan et al. (2003);solution culture;3.0;rel. root length;2000;Corn;[5.47875, 7.305, 13.696875, nan, nan, nan, nan, nan, nan, nan, nan, nan];[100.0, 98.5920513277491, 49.0999821778649, nan, nan, nan, nan, nan, nan, nan, nan, nan];
191;C 12300;Khan et al. (2003);solution culture;3.0;rel. root length;2000;Corn;[5.47875, 7.305, 13.696875, nan, nan, nan, nan, nan, nan, nan, nan, nan];[100.0, 94.8725133090501, 31.9277108433735, nan, nan, nan, nan, nan, nan, nan, nan, nan];
192;C 12301;Khan et al. (2003);solution culture;3.0;rel. root length;2000;Corn;[5.47875, 7.305, 13.696875, nan, nan, nan, nan, nan, nan, nan, nan, nan];[100.0, 96.7857142857143, 34.8447204968944, nan, nan, nan, nan, nan, nan, nan, nan, nan];
193;C 12302;Khan et al. (2003);solution culture;3.0;rel. root length;2000;Corn;[5.47875, 7.305, 13.696875, nan, nan, nan, nan, nan, nan, nan, nan, nan];[100.0, 95.8846622444835, 28.1981860024367, nan, nan, nan, nan, nan, nan, nan, nan, nan];
194;C 12303;Khan et al. (2003);solution culture;3.0;rel. root length;2000;Corn;[5.47875, 7.305, 13.696875, nan, nan, nan, nan, nan, nan, nan, nan, nan];[100.0, 83.2970411169463, 31.3949020110158, nan, nan, nan, nan, nan, nan, nan, nan, nan];
195;C 12304;Khan et al. (2003);solution culture;3.0;rel. root length;2000;Corn;[5.47875, 7.305, 13.696875, nan, nan, nan, nan, nan, nan, nan, nan, nan];[100.0, 90.8109252593691, 54.2663561295787, nan, nan, nan, nan, nan, nan, nan, nan, nan];
196;C 12305;Khan et al. (2003);solution culture;3.0;rel. root length;2000;Corn;[5.47875, 7.305, 13.696875, nan, nan, nan, nan, nan, nan, nan, nan, nan];[100.0, 80.8203712995484, 35.5745107877571, nan, nan, nan, nan, nan, nan, nan, nan, nan];
197;C 12306;Khan et al. (2003);solution culture;3.0;rel. root length;2000;Corn;[5.47875, 7.305, 13.696875, nan, nan, nan, nan, nan, nan, nan, nan, nan];[100.0, 96.312925170068, 44.4489795918367, nan, nan, nan, nan, nan, nan, nan, nan, nan];
198;C 12307;Khan et al. (2003);solution culture;3.0;rel. root length;2000;Corn;[5.47875, 7.305, 13.696875, nan, nan, nan, nan, nan, nan, nan, nan, nan];[100.0, 72.2918590843119, 32.7879667502309, nan, nan, nan, nan, nan, nan, nan, nan, nan];
199;C 12325;Khan et al. (2003);solution culture;3.0;rel. root length;2000;Corn;[5.47875, 7.305, 13.696875, nan, nan, nan, nan, nan, nan, nan, nan, nan];[100.0, 92.1805661820964, 39.5562356541699, nan, nan, nan, nan, nan, nan, nan, nan, nan];
200;C 12327;Khan et al. (2003);solution culture;3.0;rel. root length;2000;Corn;[5.47875, 7.305, 13.696875, nan, nan, nan, nan, nan, nan, nan, nan, nan];[100.0, 76.0288502333475, 44.9865648423137, nan, nan, nan, nan, nan, nan, nan, nan, nan];
201;C 12329;Khan et al. (2003);solution culture;3.0;rel. root length;2000;Corn;[5.47875, 7.305, 13.696875, nan, nan, nan, nan, nan, nan, nan, nan, nan];[100.0, 85.8212447356107, 38.02838870691, nan, nan, nan, nan, nan, nan, nan, nan, nan];
202;C 12332;Khan et al. (2003);solution culture;3.0;rel. root length;2000;Corn;[5.47875, 7.305, 13.696875, nan, nan, nan, nan, nan, nan, nan, nan, nan];[100.0, 84.9473684210527, 39.6842105263158, nan, nan, nan, nan, nan, nan, nan, nan, nan];
203;C 12333;Khan et al. (2003);solution culture;3.0;rel. root length;2000;Corn;[5.47875, 7.305, 13.696875, nan, nan, nan, nan, nan, nan, nan, nan, nan];[100.0, 88.0375402717467, 45.1463790446841, nan, nan, nan, nan, nan, nan, nan, nan, nan];
204;C 12338;Khan et al. (2003);solution culture;3.0;rel. root length;2000;Corn;[5.47875, 7.305, 13.696875, nan, nan, nan, nan, nan, nan, nan, nan, nan];[100.0, 92.7877115084603, 57.6743069722789, nan, nan, nan, nan, nan, nan, nan, nan, nan];
205;C 12339;Khan et al. (2003);solution culture;3.0;rel. root length;2000;Corn;[5.47875, 7.305, 13.696875, nan, nan, nan, nan, nan, nan, nan, nan, nan];[100.0, 62.0997536945813, 55.2032019704434, nan, nan, nan, nan, nan, nan, nan, nan, nan];
206;C 12353;Khan et al. (2003);solution culture;3.0;rel. root length;2000;Corn;[5.47875, 7.305, 13.696875, nan, nan, nan, nan, nan, nan, nan, nan, nan];[100.0, 78.2849061455387, 34.7904345590126, nan, nan, nan, nan, nan, nan, nan, nan, nan];
207;C 12370;Khan et al. (2003);solution culture;3.0;rel. root length;2000;Corn;[5.47875, 7.305, 13.696875, nan, nan, nan, nan, nan, nan, nan, nan, nan];[100.0, 71.9086374376477, 20.3859280651089, nan, nan, nan, nan, nan, nan, nan, nan, nan];
208;C 12373;Khan et al. (2003);solution culture;3.0;rel. root length;2000;Corn;[5.47875, 7.305, 13.696875, nan, nan, nan, nan, nan, nan, nan, nan, nan];[100.0, 59.4907407407407, 24.8219373219373, nan, nan, nan, nan, nan, nan, nan, nan, nan];
209;Sadaf;Khan et al. (2003);solution culture;3.0;rel. root length;2000;Corn;[5.47875, 7.305, 13.696875, nan, nan, nan, nan, nan, nan, nan, nan, nan];[100.0, 64.4477739726027, 38.9340753424658, nan, nan, nan, nan, nan, nan, nan, nan, nan];
210;Golden;Khan et al. (2003);solution culture;3.0;rel. root length;2000;Corn;[5.47875, 7.305, 13.696875, nan, nan, nan, nan, nan, nan, nan, nan, nan];[100.0, 63.882863340564, 26.4487139758289, nan, nan, nan, nan, nan, nan, nan, nan, nan];
211;Sultan;Khan et al. (2003);solution culture;3.0;rel. root length;2000;Corn;[5.47875, 7.305, 13.696875, nan, nan, nan, nan, nan, nan, nan, nan, nan];[100.0, 82.572410407462, 27.4259531991491, nan, nan, nan, nan, nan, nan, nan, nan, nan];
212;Aghoghi;Khan et al. (2003);solution culture;3.0;rel. root length;2000;Corn;[5.47875, 7.305, 13.696875, nan, nan, nan, nan, nan, nan, nan, nan, nan];[100.0, 84.984466689679, 47.4111149464964, nan, nan, nan, nan, nan, nan, nan, nan, nan];
213;Agati 72;Khan et al. (2003);solution culture;3.0;rel. root length;2000;Corn;[5.47875, 7.305, 13.696875, nan, nan, nan, nan, nan, nan, nan, nan, nan];[100.0, 96.9931921331316, 36.4788199697428, nan, nan, nan, nan, nan, nan, nan, nan, nan];
214;Agati 94;Khan et al. (2003);solution culture;3.0;rel. root length;2000;Corn;[5.47875, 7.305, 13.696875, nan, nan, nan, nan, nan, nan, nan, nan, nan];[100.0, 70.4941445301342, 40.3456155384176, nan, nan, nan, nan, nan, nan, nan, nan, nan];
215;Akber;Khan et al. (2003);solution culture;3.0;rel. root length;2000;Corn;[5.47875, 7.305, 13.696875, nan, nan, nan, nan, nan, nan, nan, nan, nan];[100.0, 90.1871980676329, 60.9601449275362, nan, nan, nan, nan, nan, nan, nan, nan, nan];
216;EV 6085;Khan et al. (2003);solution culture;3.0;rel. root length;2000;Corn;[5.47875, 7.305, 13.696875, nan, nan, nan, nan, nan, nan, nan, nan, nan];[100.0, 76.1262021258647, 46.2966087396659, nan, nan, nan, nan, nan, nan, nan, nan, nan];
217;IZ 26;Khan et al. (2003);solution culture;3.0;rel. root length;2000;Corn;[5.47875, 7.305, 13.696875, nan, nan, nan, nan, nan, nan, nan, nan, nan];[100.0, 71.1872586872587, 41.8275418275418, nan, nan, nan, nan, nan, nan, nan, nan, nan];
218;IZ 40;Khan et al. (2003);solution culture;3.0;rel. root length;2000;Corn;[5.47875, 7.305, 13.696875, nan, nan, nan, nan, nan, nan, nan, nan, nan];[100.0, 59.3984133979727, 33.5610401057735, nan, nan, nan, nan, nan, nan, nan, nan, nan];
219;IZ 46;Khan et al. (2003);solution culture;3.0;rel. root length;2000;Corn;[5.47875, 7.305, 13.696875, nan, nan, nan, nan, nan, nan, nan, nan, nan];[100.0, 96.730571722013, 45.8404655939747, nan, nan, nan, nan, nan, nan, nan, nan, nan];
220;IZ 80;Khan et al. (2003);solution culture;3.0;rel. root length;2000;Corn;[5.47875, 7.305, 13.696875, nan, nan, nan, nan, nan, nan, nan, nan, nan];[100.0, 69.3351242444594, 47.494963062458, nan, nan, nan, nan, nan, nan, nan, nan, nan];
221;IZ 87;Khan et al. (2003);solution culture;3.0;rel. root length;2000;Corn;[5.47875, 7.305, 13.696875, nan, nan, nan, nan, nan, nan, nan, nan, nan];[100.0, 77.4002370604504, 45.0019755037535, nan, nan, nan, nan, nan, nan, nan, nan, nan];
222;IZ 7103;Khan et al. (2003);solution culture;3.0;rel. root length;2000;Corn;[5.47875, 7.305, 13.696875, nan, nan, nan, nan, nan, nan, nan, nan, nan];[100.0, 98.7349220358929, 57.8552515445719, nan, nan, nan, nan, nan, nan, nan, nan, nan];
223;SYP 31;Khan et al. (2003);solution culture;3.0;rel. root length;2000;Corn;[5.47875, 7.305, 13.696875, nan, nan, nan, nan, nan, nan, nan, nan, nan];[100.0, 88.3991833793683, 30.8154197189864, nan, nan, nan, nan, nan, nan, nan, nan, nan];
224;Conquest;Khan et al. (2003);solution culture;3.0;rel. root length;2000;Corn;[5.47875, 7.305, 13.696875, nan, nan, nan, nan, nan, nan, nan, nan, nan];[100.0, 90.7825322391559, 83.1770222743259, nan, nan, nan, nan, nan, nan, nan, nan, nan];
225;Reward;Khan et al. (2003);solution culture;3.0;rel. root length;2000;Corn;[5.47875, 7.305, 13.696875, nan, nan, nan, nan, nan, nan, nan, nan, nan];[100.0, 65.4969436268961, 54.1996830427892, nan, nan, nan, nan, nan, nan, nan, nan, nan];
226;Jubilee;Khan et al. (2003);solution culture;3.0;rel. root length;2000;Corn;[5.47875, 7.305, 13.696875, nan, nan, nan, nan, nan, nan, nan, nan, nan];[100.0, 96.8179889690284, 59.0581247348324, nan, nan, nan, nan, nan, nan, nan, nan, nan];
227;Sundance;Khan et al. (2003);solution culture;3.0;rel. root length;2000;Corn;[5.47875, 7.305, 13.696875, nan, nan, nan, nan, nan, nan, nan, nan, nan];[100.0, 96.81637293917, 83.4138715179079, nan, nan, nan, nan, nan, nan, nan, nan, nan];
228;Champ;Khan et al. (2003);solution culture;3.0;rel. root length;2000;Corn;[5.47875, 7.305, 13.696875, nan, nan, nan, nan, nan, nan, nan, nan, nan];[100.0, 85.8712893723091, 42.1935191479719, nan, nan, nan, nan, nan, nan, nan, nan, nan];
229;Bozm 0095;Khan et al. (2003);solution culture;3.0;rel. root length;2000;Corn;[5.47875, 7.305, 13.696875, nan, nan, nan, nan, nan, nan, nan, nan, nan];[100.0, 70.9858855990661, 23.5487636633768, nan, nan, nan, nan, nan, nan, nan, nan, nan];
230;Bozm 0715;Khan et al. (2003);solution culture;3.0;rel. root length;2000;Corn;[5.47875, 7.305, 13.696875, nan, nan, nan, nan, nan, nan, nan, nan, nan];[100.0, 63.9905548996458, 21.629279811098, nan, nan, nan, nan, nan, nan, nan, nan, nan];
231;Bozm 0944;Khan et al. (2003);solution culture;3.0;rel. root length;2000;Corn;[5.47875, 7.305, 13.696875, nan, nan, nan, nan, nan, nan, nan, nan, nan];[100.0, 88.2141529309704, 30.8216631552857, nan, nan, nan, nan, nan, nan, nan, nan, nan];
232;Bozm 0999;Khan et al. (2003);solution culture;3.0;rel. root length;2000;Corn;[5.47875, 7.305, 13.696875, nan, nan, nan, nan, nan, nan, nan, nan, nan];[100.0, 44.394944053046, 30.1699129714049, nan, nan, nan, nan, nan, nan, nan, nan, nan];
233;Bozm 1014;Khan et al. (2003);solution culture;3.0;rel. root length;2000;Corn;[5.47875, 7.305, 13.696875, nan, nan, nan, nan, nan, nan, nan, nan, nan];[100.0, 71.000887986807, 23.5062793352784, nan, nan, nan, nan, nan, nan, nan, nan, nan];
234;Bozm 1052;Khan et al. (2003);solution culture;3.0;rel. root length;2000;Corn;[5.47875, 7.305, 13.696875, nan, nan, nan, nan, nan, nan, nan, nan, nan];[100.0, 71.2692117005454, 28.9167079821517, nan, nan, nan, nan, nan, nan, nan, nan, nan];
235;Bozm 1057;Khan et al. (2003);solution culture;3.0;rel. root length;2000;Corn;[5.47875, 7.305, 13.696875, nan, nan, nan, nan, nan, nan, nan, nan, nan];[100.0, 66.2016348773842, 24.8174386920981, nan, nan, nan, nan, nan, nan, nan, nan, nan];
236;Bozm 1335;Khan et al. (2003);solution culture;3.0;rel. root length;2000;Corn;[5.47875, 7.305, 13.696875, nan, nan, nan, nan, nan, nan, nan, nan, nan];[100.0, 68.4977310723668, 30.021495103893, nan, nan, nan, nan, nan, nan, nan, nan, nan];
237;Bozm 1337;Khan et al. (2003);solution culture;3.0;rel. root length;2000;Corn;[5.47875, 7.305, 13.696875, nan, nan, nan, nan, nan, nan, nan, nan, nan];[100.0, 92.755787901419, 25.5265123226288, nan, nan, nan, nan, nan, nan, nan, nan, nan];
238;Bozm 1345;Khan et al. (2003);solution culture;3.0;rel. root length;2000;Corn;[5.47875, 7.305, 13.696875, nan, nan, nan, nan, nan, nan, nan, nan, nan];[100.0, 87.0638085742772, 24.9002991026919, nan, nan, nan, nan, nan, nan, nan, nan, nan];
239;Bozm 1376;Khan et al. (2003);solution culture;3.0;rel. root length;2000;Corn;[5.47875, 7.305, 13.696875, nan, nan, nan, nan, nan, nan, nan, nan, nan];[100.0, 74.1211351122406, 61.7676125935338, nan, nan, nan, nan, nan, nan, nan, nan, nan];
240;Bozm 1416;Khan et al. (2003);solution culture;3.0;rel. root length;2000;Corn;[5.47875, 7.305, 13.696875, nan, nan, nan, nan, nan, nan, nan, nan, nan];[100.0, 78.5632183908046, 35.448275862069, nan, nan, nan, nan, nan, nan, nan, nan, nan];
241;Bozm 1457;Khan et al. (2003);solution culture;3.0;rel. root length;2000;Corn;[5.47875, 7.305, 13.696875, nan, nan, nan, nan, nan, nan, nan, nan, nan];[100.0, 103.446172613602, 4.80329368709973, nan, nan, nan, nan, nan, nan, nan, nan, nan];
242;Bozm 1483;Khan et al. (2003);solution culture;3.0;rel. root length;2000;Corn;[5.47875, 7.305, 13.696875, nan, nan, nan, nan, nan, nan, nan, nan, nan];[100.0, 89.0405764125901, 40.7028188598155, nan, nan, nan, nan, nan, nan, nan, nan, nan];
243;Bozm 1510;Khan et al. (2003);solution culture;3.0;rel. root length;2000;Corn;[5.47875, 7.305, 13.696875, nan, nan, nan, nan, nan, nan, nan, nan, nan];[100.0, 59.549795361528, 22.6011823556162, nan, nan, nan, nan, nan, nan, nan, nan, nan];
244;Bozm 1532;Khan et al. (2003);solution culture;3.0;rel. root length;2000;Corn;[5.47875, 7.305, 13.696875, nan, nan, nan, nan, nan, nan, nan, nan, nan];[100.0, 77.3885008060183, 26.31918323482, nan, nan, nan, nan, nan, nan, nan, nan, nan];
245;Bozm 1533;Khan et al. (2003);solution culture;3.0;rel. root length;2000;Corn;[5.47875, 7.305, 13.696875, nan, nan, nan, nan, nan, nan, nan, nan, nan];[100.0, 88.6515172132263, 37.5017009116887, nan, nan, nan, nan, nan, nan, nan, nan, nan];
246;Bozm 1536;Khan et al. (2003);solution culture;3.0;rel. root length;2000;Corn;[5.47875, 7.305, 13.696875, nan, nan, nan, nan, nan, nan, nan, nan, nan];[100.0, 52.8097272428524, 39.4238142184248, nan, nan, nan, nan, nan, nan, nan, nan, nan];
247;Chzm 01001;Khan et al. (2003);solution culture;3.0;rel. root length;2000;Corn;[5.47875, 7.305, 13.696875, nan, nan, nan, nan, nan, nan, nan, nan, nan];[100.0, 84.0631929046563, 33.6613082039911, nan, nan, nan, nan, nan, nan, nan, nan, nan];
248;Chzm 01008;Khan et al. (2003);solution culture;3.0;rel. root length;2000;Corn;[5.47875, 7.305, 13.696875, nan, nan, nan, nan, nan, nan, nan, nan, nan];[100.0, 90.4799525972743, 54.2958720126407, nan, nan, nan, nan, nan, nan, nan, nan, nan];
249;Chzm 01009;Khan et al. (2003);solution culture;3.0;rel. root length;2000;Corn;[5.47875, 7.305, 13.696875, nan, nan, nan, nan, nan, nan, nan, nan, nan];[100.0, 79.5483645675707, 35.6535909672914, nan, nan, nan, nan, nan, nan, nan, nan, nan];
250;Chzm 03004;Khan et al. (2003);solution culture;3.0;rel. root length;2000;Corn;[5.47875, 7.305, 13.696875, nan, nan, nan, nan, nan, nan, nan, nan, nan];[100.0, 60.5322091950995, 29.4691081543934, nan, nan, nan, nan, nan, nan, nan, nan, nan];
251;Chzm 13002;Khan et al. (2003);solution culture;3.0;rel. root length;2000;Corn;[5.47875, 7.305, 13.696875, nan, nan, nan, nan, nan, nan, nan, nan, nan];[100.0, 47.6393932920316, 23.3283486434523, nan, nan, nan, nan, nan, nan, nan, nan, nan];
252;PI 213714;Khan et al. (2003);solution culture;3.0;rel. root length;2000;Corn;[5.47875, 7.305, 13.696875, nan, nan, nan, nan, nan, nan, nan, nan, nan];[100.0, 92.4026363091672, 14.1282204913122, nan, nan, nan, nan, nan, nan, nan, nan, nan];
253;PI 451716;Khan et al. (2003);solution culture;3.0;rel. root length;2000;Corn;[5.47875, 7.305, 13.696875, nan, nan, nan, nan, nan, nan, nan, nan, nan];[100.0, 75.6110244409776, 24.2641705668227, nan, nan, nan, nan, nan, nan, nan, nan, nan];
254;PI 503567;Khan et al. (2003);solution culture;3.0;rel. root length;2000;Corn;[5.47875, 7.305, 13.696875, nan, nan, nan, nan, nan, nan, nan, nan, nan];[100.0, 92.2175732217573, 48.0095636580992, nan, nan, nan, nan, nan, nan, nan, nan, nan];
255;PI 503568;Khan et al. (2003);solution culture;3.0;rel. root length;2000;Corn;[5.47875, 7.305, 13.696875, nan, nan, nan, nan, nan, nan, nan, nan, nan];[100.0, 83.9835956550654, 38.3728663267568, nan, nan, nan, nan, nan, nan, nan, nan, nan];
256;PI 508270;Khan et al. (2003);solution culture;3.0;rel. root length;2000;Corn;[5.47875, 7.305, 13.696875, nan, nan, nan, nan, nan, nan, nan, nan, nan];[100.0, 94.3733425573619, 18.8400784042431, nan, nan, nan, nan, nan, nan, nan, nan, nan];
257;PI 561620;Khan et al. (2003);solution culture;3.0;rel. root length;2000;Corn;[5.47875, 7.305, 13.696875, nan, nan, nan, nan, nan, nan, nan, nan, nan];[100.0, 69.5329206527856, 24.794597636466, nan, nan, nan, nan, nan, nan, nan, nan, nan];
258;PI 583749;Khan et al. (2003);solution culture;3.0;rel. root length;2000;Corn;[5.47875, 7.305, 13.696875, nan, nan, nan, nan, nan, nan, nan, nan, nan];[100.0, 72.6609301818974, 18.9195076789021, nan, nan, nan, nan, nan, nan, nan, nan, nan];
259;PI 583750;Khan et al. (2003);solution culture;3.0;rel. root length;2000;Corn;[5.47875, 7.305, 13.696875, nan, nan, nan, nan, nan, nan, nan, nan, nan];[100.0, 72.9479768786127, 15.606936416185, nan, nan, nan, nan, nan, nan, nan, nan, nan];
260;PI 583751;Khan et al. (2003);solution culture;3.0;rel. root length;2000;Corn;[5.47875, 7.305, 13.696875, nan, nan, nan, nan, nan, nan, nan, nan, nan];[100.0, 60.9407200872833, 17.5051521396533, nan, nan, nan, nan, nan, nan, nan, nan, nan];
261;PI 583752;Khan et al. (2003);solution culture;3.0;rel. root length;2000;Corn;[5.47875, 7.305, 13.696875, nan, nan, nan, nan, nan, nan, nan, nan, nan];[100.0, 81.4969714450534, 18.3299682722815, nan, nan, nan, nan, nan, nan, nan, nan, nan];
262;Zhongnuo No. 1;Kang et al. (2010);field;5.0;yield of fresh fruit (kg/ha);2007;Corn;[1.7, 4.0, 6.3, 8.6, 10.9, nan, nan, nan, nan, nan, nan, nan];[100.0, 99.2634934593822, 99.8351104759811, 96.1965483126305, 96.5593052654721, nan, nan, nan, nan, nan, nan, nan];
263;Zhongnuo No. 1;Kang et al. (2010);field;5.0;yield of fresh fruit (kg/ha);2008;Corn;[1.7, 4.0, 6.3, 8.6, 10.9, nan, nan, nan, nan, nan, nan, nan];[100.0, 98.9715668481549, 94.9384956644485, 90.3004638031861, 87.870538415003, nan, nan, nan, nan, nan, nan, nan];
264;Zhongnuo No. 1;Kang et al. (2010);field;5.0;yield of fresh fruit (kg/ha);2009;Corn;[1.7, 4.0, 6.3, 8.6, 10.9, nan, nan, nan, nan, nan, nan, nan];[100.0, 101.209856774308, 82.4037007383685, 76.158704741571, 74.6908638021528, nan, nan, nan, nan, nan, nan, nan];
265;AG 1051;Lacerda et al. (2011);field;4.0;yield kg/ha;2007;Corn;[0.8, 2.2, 3.6, 5.0, nan, nan, nan, nan, nan, nan, nan, nan];[100.0, 100.091701054562, 82.6685006877579, 71.2975699220541, nan, nan, nan, nan, nan, nan, nan, nan];
266;Zhongnuo No. 1;Wan et al. (2012);field;5.0;rel. fresh ear yield;2005-2008;Corn;[11.0, 15.5, 18.5, 22.3, 23.3, nan, nan, nan, nan, nan, nan, nan];[100.0, 75.3424657534247, 56.1643835616438, 39.7260273972603, 17.8082191780822, nan, nan, nan, nan, nan, nan, nan];
267;Apica;Bertrand 2015;20cm pot, growth-room;5.0;shoot biomass (gFW);2013;Alfalfa;[0.0, 1.82625, 3.6525, 7.305, 14.61, nan, nan, nan, nan, nan, nan, nan];[100.0, 89.0909090909091, 58.1818181818182, 41.8181818181818, 27.2727272727273, nan, nan, nan, nan, nan, nan, nan];
268;Halo;Bertrand 2015;20cm pot, growth-room;5.0;shoot biomass (gFW);2013;Alfalfa;[0.0, 1.82625, 3.6525, 7.305, 14.61, nan, nan, nan, nan, nan, nan, nan];[100.0, 79.6296296296296, 62.962962962963, 40.7407407407407, 27.7777777777778, nan, nan, nan, nan, nan, nan, nan];
269;Wild type;Bao 2009;plastic pot;3.0;shoot dry weight (g/plant);2007;Alfalfa;[0.0, 9.13125, 18.2625, nan, nan, nan, nan, nan, nan, nan, nan, nan];[100.0, 65.8536585365854, 29.2682926829268, nan, nan, nan, nan, nan, nan, nan, nan, nan];
270;transgenetic plant L1;Bao 2009;plastic pot;3.0;shoot dry weight (g/plant);2007;Alfalfa;[0.0, 9.13125, 18.2625, nan, nan, nan, nan, nan, nan, nan, nan, nan];[100.0, 95.0, 75.0, nan, nan, nan, nan, nan, nan, nan, nan, nan];
271;transgenetic plant L8;Bao 2009;plastic pot;3.0;shoot dry weight (g/plant);2007;Alfalfa;[0.0, 9.13125, 18.2625, nan, nan, nan, nan, nan, nan, nan, nan, nan];[100.0, 91.4634146341463, 68.2926829268293, nan, nan, nan, nan, nan, nan, nan, nan, nan];
272;Salado;Boyd 2004;greenhouse, temp. Controlled;5.0;dry weight (g/plant);1998;Alfalfa;[1.5, 7.1, 11.8, 16.2, 21.3, nan, nan, nan, nan, nan, nan, nan];[100.0, 94.5504087193461, 73.5694822888283, 60.7629427792916, 54.2234332425068, nan, nan, nan, nan, nan, nan, nan];
273;L52;Boyd 2004;greenhouse, temp. Controlled;5.0;dry weight (g/plant);1998;Alfalfa;[1.5, 7.1, 11.8, 16.2, 21.3, nan, nan, nan, nan, nan, nan, nan];[100.0, 91.6334661354582, 87.2509960159362, 62.1513944223108, 56.9721115537849, nan, nan, nan, nan, nan, nan, nan];
274;Makkah;El-Nakhlawy 2012;field;3.0;Dry forage yield (t/ha/year);2008,2009,2010;Alfalfa;[1.875, 6.25, 12.5, nan, nan, nan, nan, nan, nan, nan, nan, nan];[100.0, 90.0928955980154, 65.966430908899, nan, nan, nan, nan, nan, nan, nan, nan, nan];
275;Al-Taef;El-Nakhlawy 2012;field;3.0;Dry forage yield (t/ha/year);2008,2009,2010;Alfalfa;[1.875, 6.25, 12.5, nan, nan, nan, nan, nan, nan, nan, nan, nan];[100.0, 90.4453881098163, 69.6128777404701, nan, nan, nan, nan, nan, nan, nan, nan, nan];
276;Sabkhawi;El-Nakhlawy 2012;field;3.0;Dry forage yield (t/ha/year);2008,2009,2010;Alfalfa;[1.875, 6.25, 12.5, nan, nan, nan, nan, nan, nan, nan, nan, nan];[100.0, 98.6620182794686, 87.1996607933666, nan, nan, nan, nan, nan, nan, nan, nan, nan];
277;Hasawi;El-Nakhlawy 2012;field;3.0;Dry forage yield (t/ha/year);2008,2009,2010;Alfalfa;[1.875, 6.25, 12.5, nan, nan, nan, nan, nan, nan, nan, nan, nan];[100.0, 82.704390394326, 61.4231199167405, nan, nan, nan, nan, nan, nan, nan, nan, nan];
278;Neotachiwakaba;Endo 2014;greenhouse, wagner pots;3.0;dry weight (g/pot) 6 plants per pot;2013;Alfalfa;[1.0, 4.0, 8.0, nan, nan, nan, nan, nan, nan, nan, nan, nan];[100.0, 93.1034482758621, 86.2068965517241, nan, nan, nan, nan, nan, nan, nan, nan, nan];
279;Salado;Grattan 2004;greenhouse, sand tanks;2.0;dry weight (kg ha-1 d-1);2000;Alfalfa;[15.0, 25.0, nan, nan, nan, nan, nan, nan, nan, nan, nan, nan];[100.0, 53.1887755102041, nan, nan, nan, nan, nan, nan, nan, nan, nan, nan];
280;SW 9720;Grattan 2004;greenhouse, sand tanks;2.0;dry weight (kg ha-1 d-1);2000;Alfalfa;[15.0, 25.0, nan, nan, nan, nan, nan, nan, nan, nan, nan, nan];[100.0, 52.0174482006543, nan, nan, nan, nan, nan, nan, nan, nan, nan, nan];
281;Bami;Mohammadi 2008;pot, greenhouse;3.0;dry weight (mg/plant);2007;Alfalfa;[1.2, 7.0, 12.0, nan, nan, nan, nan, nan, nan, nan, nan, nan];[100.0, 70.8133971291866, 50.7177033492823, nan, nan, nan, nan, nan, nan, nan, nan, nan];
282;Hamadani;Mohammadi 2008;pot, greenhouse;3.0;dry weight (mg/plant);2007;Alfalfa;[1.2, 7.0, 12.0, nan, nan, nan, nan, nan, nan, nan, nan, nan];[100.0, 68.9024390243902, 46.3414634146341, nan, nan, nan, nan, nan, nan, nan, nan, nan];
283;Gongnong No. 1;Peng 2008;plastic pot, outdoor but kept out of rain;6.0;Total biomass (g/plant);2005;Alfalfa;[0.0, 2.1915, 4.383, 6.5745, 8.766, 10.9575, nan, nan, nan, nan, nan, nan];[100.0, 80.952380952381, 78.5714285714286, 71.4285714285714, 69.0476190476191, 23.8095238095238, nan, nan, nan, nan, nan, nan];
284;Zhongmu1;Wang and Han 2009;plastic vessel, growth-chamber;4.0;dry weight (g/plant);2008;Alfalfa;[0.0, 6.391875, 12.78375, 19.175625, nan, nan, nan, nan, nan, nan, nan, nan];[100.0, 65.2014652014652, 51.2820512820513, 31.8681318681319, nan, nan, nan, nan, nan, nan, nan, nan];
285;Defi;Wang and Han 2010;plastic vessel, growth-chamber;4.0;dry weight (g/plant);2008;Alfalfa;[0.0, 6.391875, 12.78375, 19.175625, nan, nan, nan, nan, nan, nan, nan, nan];[100.0, 61.5671641791045, 49.6268656716418, 30.5970149253731, nan, nan, nan, nan, nan, nan, nan, nan];
286;Avrg. 12 Cultivars;Alhammadi and Edward (2009);greenhouse, 1 gallon plastic pot;4.0;dry biomass shoot (mg);2006.0;Date_palm;[0.515625, 4.6875, 9.375, 18.75, nan, nan, nan, nan, nan, nan, nan, nan];[100.0, 100.0, 86.6666666666667, 66.6666666666667, nan, nan, nan, nan, nan, nan, nan, nan];
287;Avrg. 12 Cultivars;Alhammadi and Edward (2009);greenhouse, 1 gallon plastic pot;4.0;dry biomass root (mg);2006.0;Date_palm;[0.515625, 4.6875, 9.375, 18.75, nan, nan, nan, nan, nan, nan, nan, nan];[100.0, 96.2962962962963, 83.3333333333333, 66.6666666666667, nan, nan, nan, nan, nan, nan, nan, nan];
288;Samani;El-Sharabasy et al. (2008);in vitro;4.0;shoot length (cm);2005.0;Date_palm;[0.0, 6.25, 12.5, 18.75, nan, nan, nan, nan, nan, nan, nan, nan];[100.0, 128.491620111732, 91.8994413407821, 82.9608938547486, nan, nan, nan, nan, nan, nan, nan, nan];
289;Sewy;El-Sharabasy et al. (2008);in vitro;4.0;shoot length (cm);2006.0;Date_palm;[0.0, 6.25, 12.5, 18.75, nan, nan, nan, nan, nan, nan, nan, nan];[100.0, 159.0625, 100.9375, 86.875, nan, nan, nan, nan, nan, nan, nan, nan];
290;Bartamuda;El-Sharabasy et al. (2008);in vitro;4.0;shoot length (cm);2007.0;Date_palm;[0.0, 6.25, 12.5, 18.75, nan, nan, nan, nan, nan, nan, nan, nan];[100.0, 162.108262108262, 135.897435897436, 101.709401709402, nan, nan, nan, nan, nan, nan, nan, nan];
291;Khalas;Al-Abdoulhadi et al. (2011);30l pot;5.0;stem;;Date_palm;[0.0, 4.565625, 9.13125, 18.2625, 36.525, nan, nan, nan, nan, nan, nan, nan];[100.0, 86.2068965517241, 79.3103448275862, 60.3448275862069, 43.1034482758621, nan, nan, nan, nan, nan, nan, nan];
292;Madjool;Al-Abdoulhadi et al. (2011);30l pot;5.0;stem;;Date_palm;[0.0, 4.565625, 9.13125, 18.2625, 36.525, nan, nan, nan, nan, nan, nan, nan];[100.0, 94.9367088607595, 92.4050632911392, 34.1772151898734, 25.3164556962025, nan, nan, nan, nan, nan, nan, nan];
293;Barhi;Al-Abdoulhadi et al. (2011);30l pot;5.0;stem;;Date_palm;[0.0, 4.565625, 9.13125, 18.2625, 36.525, nan, nan, nan, nan, nan, nan, nan];[100.0, 125.925925925926, 64.8148148148148, 33.3333333333333, 14.8148148148148, nan, nan, nan, nan, nan, nan, nan];
294;Khalas;Al-Abdoulhadi et al. (2011);30l pot;5.0;root;;Date_palm;[0.0, 4.565625, 9.13125, 18.2625, 36.525, nan, nan, nan, nan, nan, nan, nan];[100.0, 92.3076923076923, 69.2307692307692, 61.5384615384615, 50.0, nan, nan, nan, nan, nan, nan, nan];
295;Madjool;Al-Abdoulhadi et al. (2011);30l pot;5.0;root;;Date_palm;[0.0, 4.565625, 9.13125, 18.2625, 36.525, nan, nan, nan, nan, nan, nan, nan];[100.0, 92.8571428571429, 83.3333333333333, 50.0, 33.3333333333333, nan, nan, nan, nan, nan, nan, nan];
296;Barhi;Al-Abdoulhadi et al. (2011);30l pot;5.0;root;;Date_palm;[0.0, 4.565625, 9.13125, 18.2625, 36.525, nan, nan, nan, nan, nan, nan, nan];[100.0, 71.4285714285714, 57.1428571428571, 42.8571428571429, 28.5714285714286, nan, nan, nan, nan, nan, nan, nan];
297;Medjool;Sperling et al. (2014);greenhouse, 10L pot;4.0;dry weight (g);2011.0;Date_palm;[0.182625, 2.739375, 6.8484375, 9.5878125, nan, nan, nan, nan, nan, nan, nan, nan];[100.0, 76.7676767676768, 74.7474747474748, 60.6060606060606, nan, nan, nan, nan, nan, nan, nan, nan];
298;Nakhla hamra;Djibril et al. (2005);lab experiment;4.0;weight of fresh roots (mg);2004.0;Date_palm;[0.0, 6.25, 12.5, 25.0, nan, nan, nan, nan, nan, nan, nan, nan];[100.0, 92.018779342723, 89.906103286385, 73.7089201877934, nan, nan, nan, nan, nan, nan, nan, nan];
299;Tijib;Djibril et al. (2005);lab experiment;4.0;weight of fresh roots (mg);2004.0;Date_palm;[0.0, 6.25, 12.5, 25.0, nan, nan, nan, nan, nan, nan, nan, nan];[100.0, 184.832451499118, 213.05114638448, 50.7936507936508, nan, nan, nan, nan, nan, nan, nan, nan];
300;P. dactylifera;Ramoliya and Pandey (2003);bags, wire net cage;6.0;total root weight (mg/plant);2000.0;Date_palm;[4.3, 6.0, 8.2, 10.5, 12.8, 14.6, nan, nan, nan, nan, nan, nan];[100.0, 126.768642447419, 83.6933797909408, 72.8919860627178, 67.1080139372822, 0.0, nan, nan, nan, nan, nan, nan];
301;Khalas;Alrasbi et al. (2010);;6.0;rel. trunk height;;Date_palm;[3.0, 6.0, 9.0, 12.0, 15.0, 18.0, nan, nan, nan, nan, nan, nan];[100.0, 85.0, 73.0, 68.0, 55.0, 48.0, nan, nan, nan, nan, nan, nan];
302;Abunarenjeh;Alrasbi et al. (2010);;6.0;rel. trunk height;;Date_palm;[3.0, 6.0, 9.0, 12.0, 15.0, 18.0, nan, nan, nan, nan, nan, nan];[100.0, 77.0, 70.0, 66.0, 52.0, 53.0, nan, nan, nan, nan, nan, nan];
303;Khunaizy;Alrasbi et al. (2010);;6.0;rel. trunk height;;Date_palm;[3.0, 6.0, 9.0, 12.0, 15.0, 18.0, nan, nan, nan, nan, nan, nan];[100.0, 85.0, 74.0, 60.0, 58.0, 43.0, nan, nan, nan, nan, nan, nan];
304;Licata F1-COIS 94;Maggio et al. (2007);greenhouse, 15L buckets;8.0;rel. plant dry mass;2005;Tomato;[2.5, 4.2, 6.0, 7.8, 9.6, 11.4, 13.2, 15.0, nan, nan, nan, nan];[100.0, 87.0, 75.0, 64.0, 60.0, 57.0, 49.0, 45.0, nan, nan, nan, nan];
305;5656;Shani et al. (2007);lysimeter;6.0;rel. yield;;Tomato;[1.0, 2.0, 4.0, 5.5, 8.0, 11.0, nan, nan, nan, nan, nan, nan];[100.0, 91.0, 86.0, 67.0, 54.0, 36.0, nan, nan, nan, nan, nan, nan];
306;Débora Plus;Eloi et al. (2011);greenhouse;6.0;rel. yield;2006;Tomato;[1.5, 2.5, 3.5, 4.5, 5.5, 6.5, nan, nan, nan, nan, nan, nan];[100.0, 102.061855670103, 103.092783505155, 92.7835051546392, 86.5979381443299, 43.298969072165, nan, nan, nan, nan, nan, nan];
307;Trust;Hajer et al. (2006);small pots;4.0;dry shoot+root weight (g);2005;Tomato;[0.15625, 2.34375, 3.90625, 5.46875, nan, nan, nan, nan, nan, nan, nan, nan];[100.0, 85.036496350365, 67.1532846715328, 63.1386861313869, nan, nan, nan, nan, nan, nan, nan, nan];
308;Grace;Hajer et al. (2006);small pots;4.0;dry shoot+root weight (g);2006;Tomato;[0.15625, 2.34375, 3.90625, 5.46875, nan, nan, nan, nan, nan, nan, nan, nan];[100.0, 69.9275362318841, 57.6086956521739, 33.695652173913, nan, nan, nan, nan, nan, nan, nan, nan];
309;Plitz;Hajer et al. (2006);small pots;4.0;dry shoot+root weight (g);2007;Tomato;[0.15625, 2.34375, 3.90625, 5.46875, nan, nan, nan, nan, nan, nan, nan, nan];[100.0, 85.7142857142857, 57.5091575091575, 47.2527472527472, nan, nan, nan, nan, nan, nan, nan, nan];
310;Roma;Shibli et al. (2007);in vitro;5.0;dry shoot+root weight (mg);2006;Tomato;[0.0, 4.565625, 9.13125, 13.696875, 18.2625, nan, nan, nan, nan, nan, nan, nan];[100.0, 83.1775700934579, 59.8130841121495, 80.3738317757009, 50.4672897196262, nan, nan, nan, nan, nan, nan, nan];
311;Patio;Shibli et al. (2007);in vitro;5.0;dry shoot+root weight (mg);2006;Tomato;[0.0, 4.565625, 9.13125, 13.696875, 18.2625, nan, nan, nan, nan, nan, nan, nan];[100.0, 124.242424242424, 85.6060606060606, 84.0909090909091, 73.4848484848485, nan, nan, nan, nan, nan, nan, nan];
312;IPA 6;Campos et al. (2006);rhizotron;5.0;pulp yield (g/plant);2000;Tomato;[1.0, 2.0, 3.0, 4.0, 5.0, nan, nan, nan, nan, nan, nan, nan];[100.0, 105.544554455446, 93.4653465346535, 101.188118811881, 75.8415841584158, nan, nan, nan, nan, nan, nan, nan];
313;;Noshadi et al. (2013);field;5.0;yield (t/ha);;Tomato;[0.68, 2.0, 4.0, 6.0, 8.0, nan, nan, nan, nan, nan, nan, nan];[100.0, 124.013677012099, 83.035244608101, 66.6754339821147, 55.7601262493425, nan, nan, nan, nan, nan, nan, nan];
314;Floradade;Reina-Sanchez et al. (2005);greenhouse PE, 20L pot;4.0;yield (g/plant);2001;Tomato;[1.9, 4.7, 7.1, 9.1, nan, nan, nan, nan, nan, nan, nan, nan];[100.0, 73.7540337038365, 64.5392613840086, 31.6242380781642, nan, nan, nan, nan, nan, nan, nan, nan];
315;L1;Reina-Sanchez et al. (2005);greenhouse PE, 20L pot;4.0;yield (g/plant);2001;Tomato;[1.9, 4.7, 7.1, 9.1, nan, nan, nan, nan, nan, nan, nan, nan];[100.0, 71.3897280966768, 43.4441087613293, 31.5105740181269, nan, nan, nan, nan, nan, nan, nan, nan];
316;L5;Reina-Sanchez et al. (2005);greenhouse PE, 20L pot;4.0;yield (g/plant);2001;Tomato;[1.9, 4.7, 7.1, 9.1, nan, nan, nan, nan, nan, nan, nan, nan];[100.0, 85.1981351981352, 61.2762237762238, 39.1317016317016, nan, nan, nan, nan, nan, nan, nan, nan];
317;L9;Reina-Sanchez et al. (2005);greenhouse PE, 20L pot;4.0;yield (g/plant);2001;Tomato;[1.9, 4.7, 7.1, 9.1, nan, nan, nan, nan, nan, nan, nan, nan];[100.0, 57.4447949526814, 42.9652996845426, 25.7097791798107, nan, nan, nan, nan, nan, nan, nan, nan];
318;Daniela;del Amor et al. (2001);greenhouse, perlite bags;4.0;rel. yield;2000;Tomato;[2.0, 4.0, 6.0, 8.0, nan, nan, nan, nan, nan, nan, nan, nan];[100.0, 89.0, 60.0, 51.0, nan, nan, nan, nan, nan, nan, nan, nan];
319;Floradade;Malash et al. (2008);field;4.0;total yield (t/4200m²;2000-2001-2002;Tomato;[0.55, 2.0, 3.0, 4.5, nan, nan, nan, nan, nan, nan, nan, nan];[100.0, 94.5131142598734, 86.9158878504673, 69.5206511908351, nan, nan, nan, nan, nan, nan, nan, nan];
320;Asgrow Double TX;Francois et. Al. 1984;field;6.0;grain yield g/m²;1982.0;Sorghum;[3.0, 4.9, 7.3, 9.5, 11.4, 12.4, nan, nan, nan, nan, nan, nan];[100.0, 93.1216931216931, 90.1234567901235, 74.4268077601411, 28.2186948853616, 8.28924162257496, nan, nan, nan, nan, nan, nan];
321;Northrup King NK-265;Francois et. Al. 1985;field;6.0;grain yield g/m²;1982.0;Sorghum;[3.0, 4.9, 7.3, 9.5, 11.4, 12.4, nan, nan, nan, nan, nan, nan];[100.0, 101.871657754011, 87.4331550802139, 53.475935828877, 30.2139037433155, 5.88235294117647, nan, nan, nan, nan, nan, nan];
322;Kimia;Almodares 2008;greenhouse;4.0;stem yield t/ha;2006.0;Sorghum;[2.0, 4.0, 8.0, 12.0, nan, nan, nan, nan, nan, nan, nan, nan];[100.0, 92.5, 87.7551020408163, 82.219387755102, nan, nan, nan, nan, nan, nan, nan, nan];
323;Keller;Almodares 2009;greenhouse;4.0;stem yield t/ha;2007.0;Sorghum;[2.0, 4.0, 8.0, 12.0, nan, nan, nan, nan, nan, nan, nan, nan];[100.0, 100.252113302684, 100.252113302684, 99.2139997033961, nan, nan, nan, nan, nan, nan, nan, nan];
324;Sofra;Almodares 2010;greenhouse;4.0;stem yield t/ha;2008.0;Sorghum;[2.0, 4.0, 8.0, 12.0, nan, nan, nan, nan, nan, nan, nan, nan];[100.0, 101.25, 95.8392857142857, 91.6607142857143, nan, nan, nan, nan, nan, nan, nan, nan];
325;BTX 62;El-Haddad et. Al. 1994;10L plastic pot, greenhouse;4.0;dry weight g/plant;;Sorghum;[0.36525, 9.13125, 18.2625, 36.525, nan, nan, nan, nan, nan, nan, nan, nan];[100.0, 100.833333333333, 67.0833333333333, 31.25, nan, nan, nan, nan, nan, nan, nan, nan];
326;BTX 63;El-Haddad et. Al. 1994;10L plastic pot, greenhouse;4.0;dry weight g/plant;;Sorghum;[0.36525, 9.13125, 18.2625, 36.525, nan, nan, nan, nan, nan, nan, nan, nan];[100.0, 97.4074074074074, 65.1851851851852, 34.4444444444444, nan, nan, nan, nan, nan, nan, nan, nan];
327;BTX 64;El-Haddad et. Al. 1994;10L plastic pot, greenhouse;4.0;dry weight g/plant;;Sorghum;[0.36525, 9.13125, 18.2625, 36.525, nan, nan, nan, nan, nan, nan, nan, nan];[100.0, 95.6834532374101, 70.863309352518, 41.726618705036, nan, nan, nan, nan, nan, nan, nan, nan];
328;Serena;Netondo 2004;greenhouse, 1,5L plastic pot;6.0;plant dry weight (g) ABGELESEN!;1997.0;Sorghum;[0.0, 4.565625, 9.13125, 13.696875, 18.2625, 22.828125, nan, nan, nan, nan, nan, nan];[100.0, 88.6792452830189, 71.6981132075472, 56.6037735849057, 52.8301886792453, 24.5283018867925, nan, nan, nan, nan, nan, nan];
329;Seredo;Netondo 2004;greenhouse, 1,5L plastic pot;6.0;plant dry weight (g) ABGELESEN!;1997.0;Sorghum;[0.0, 4.565625, 9.13125, 13.696875, 18.2625, 22.828125, nan, nan, nan, nan, nan, nan];[100.0, 110.204081632653, 130.612244897959, 83.6734693877551, 61.2244897959184, 48.9795918367347, nan, nan, nan, nan, nan, nan];
330;PANT-1;Rani et. Al. 2012;petriplate experiment;6.0;shoot dry weight (mg);2006.0;Sorghum;[0.0, 3.0, 6.0, 7.2, 10.0, 12.0, nan, nan, nan, nan, nan, nan];[100.0, 65.9362549800797, 54.5816733067729, 44.4223107569721, 26.4940239043825, 20.3187250996016, nan, nan, nan, nan, nan, nan];
331;PANT-2;Rani et. Al. 2012;petriplate experiment;6.0;shoot dry weight (mg);2006.0;Sorghum;[0.0, 3.0, 6.0, 7.2, 10.0, 12.0, nan, nan, nan, nan, nan, nan];[100.0, 64.4381223328592, 52.773826458037, 31.0099573257468, 19.4879089615932, 11.9487908961593, nan, nan, nan, nan, nan, nan];
332;PANT-3;Rani et. Al. 2012;petriplate experiment;6.0;shoot dry weight (mg);2006.0;Sorghum;[0.0, 3.0, 6.0, 7.2, 10.0, 12.0, nan, nan, nan, nan, nan, nan];[100.0, 95.8960328317373, 53.4883720930233, 37.0725034199726, 29.5485636114911, 14.7742818057456, nan, nan, nan, nan, nan, nan];
333;PANT-4;Rani et. Al. 2012;petriplate experiment;6.0;shoot dry weight (mg);2006.0;Sorghum;[0.0, 3.0, 6.0, 7.2, 10.0, 12.0, nan, nan, nan, nan, nan, nan];[100.0, 95.6730769230769, 58.6538461538462, 47.8365384615385, 32.9326923076923, 15.1442307692308, nan, nan, nan, nan, nan, nan];
334;PANT-5;Rani et. Al. 2012;petriplate experiment;6.0;shoot dry weight (mg);2006.0;Sorghum;[0.0, 3.0, 6.0, 7.2, 10.0, 12.0, nan, nan, nan, nan, nan, nan];[100.0, 87.9699248120301, 46.3659147869674, 35.8395989974937, 33.0827067669173, 20.6766917293233, nan, nan, nan, nan, nan, nan];
335;PANT-6;Rani et. Al. 2012;petriplate experiment;6.0;shoot dry weight (mg);2006.0;Sorghum;[0.0, 3.0, 6.0, 7.2, 10.0, 12.0, nan, nan, nan, nan, nan, nan];[100.0, 84.2737094837935, 49.0996398559424, 42.2569027611044, 29.171668667467, 13.4453781512605, nan, nan, nan, nan, nan, nan];
336;CSV-15;Rani et. Al. 2012;petriplate experiment;6.0;shoot dry weight (mg);2006.0;Sorghum;[0.0, 3.0, 6.0, 7.2, 10.0, 12.0, nan, nan, nan, nan, nan, nan];[100.0, 94.1813261163735, 85.6562922868742, 55.8863328822734, 52.9093369418133, 44.7902571041949, nan, nan, nan, nan, nan, nan];
337;HD-19;Rani et. Al. 2012;petriplate experiment;6.0;shoot dry weight (mg);2006.0;Sorghum;[0.0, 3.0, 6.0, 7.2, 10.0, 12.0, nan, nan, nan, nan, nan, nan];[100.0, 84.2443729903537, 75.1339764201501, 45.9807073954984, 42.550911039657, 14.7909967845659, nan, nan, nan, nan, nan, nan];
338;HC-171;Rani et. Al. 2012;petriplate experiment;6.0;shoot dry weight (mg);2006.0;Sorghum;[0.0, 3.0, 6.0, 7.2, 10.0, 12.0, nan, nan, nan, nan, nan, nan];[100.0, 92.896781354051, 86.6814650388458, 48.5016648168701, 45.6159822419534, 44.173140954495, nan, nan, nan, nan, nan, nan];
339;HC-308;Rani et. Al. 2012;petriplate experiment;6.0;shoot dry weight (mg);2006.0;Sorghum;[0.0, 3.0, 6.0, 7.2, 10.0, 12.0, nan, nan, nan, nan, nan, nan];[100.0, 74.618320610687, 63.1679389312977, 25.9541984732824, 18.5114503816794, 14.1221374045802, nan, nan, nan, nan, nan, nan];
340;HC-136;Rani et. Al. 2012;petriplate experiment;6.0;shoot dry weight (mg);2006.0;Sorghum;[0.0, 3.0, 6.0, 7.2, 10.0, 12.0, nan, nan, nan, nan, nan, nan];[100.0, 80.6532663316583, 67.5879396984925, 24.1206030150754, 21.105527638191, 15.5778894472362, nan, nan, nan, nan, nan, nan];
341;HC-513;Rani et. Al. 2012;petriplate experiment;6.0;shoot dry weight (mg);2006.0;Sorghum;[0.0, 3.0, 6.0, 7.2, 10.0, 12.0, nan, nan, nan, nan, nan, nan];[100.0, 88.5521885521885, 82.0426487093154, 41.7508417508418, 13.8047138047138, 10.2132435465769, nan, nan, nan, nan, nan, nan];
342;HC-260;Rani et. Al. 2012;petriplate experiment;6.0;shoot dry weight (mg);2006.0;Sorghum;[0.0, 3.0, 6.0, 7.2, 10.0, 12.0, nan, nan, nan, nan, nan, nan];[100.0, 95.6298200514139, 77.3778920308483, 51.6709511568123, 42.4164524421594, 22.3650385604113, nan, nan, nan, nan, nan, nan];
